"phenotype","causal_b","causal_se","causal_p"
"ENSG00000138182.14",-0.00628270051856434,0.00560605681131573,0.262416140461446
"ENSG00000152779.13",0.00611900371566218,0.00680604226576383,0.368623570192566
"ENSG00000048740.18",-0.023387175362735,0.00955929936326865,0.0144236168886082
"ENSG00000026025.15",-0.0283377055850267,0.0107936219864784,0.00865441555269386
"ENSG00000042286.14",-0.00532435614220385,0.00476650879909476,0.263979451482295
"ENSG00000075073.14",-0.00387963340286673,0.00554714266095332,0.484306387382166
"ENSG00000099282.9",-0.014227373795317,0.00575257112114021,0.0133901695300359
"ENSG00000229097.1",0.00634555667344433,0.00408085070377957,0.119955767517524
"ENSG00000156515.21",-0.00241736871181577,0.00943726860646104,0.797834003936731
"ENSG00000198954.7",-0.00733147972367156,0.00764976559998571,0.33786476067374
"ENSG00000148734.7",-0.00261025262298047,0.00289806246275102,0.367753764705661
"ENSG00000151240.16",-0.00618208617479715,0.00900274744201018,0.492278832687041
"ENSG00000107521.18",-0.0116619121529,0.00608375474220707,0.0552514164082888
"ENSG00000198873.11",-0.0112021492484631,0.00891289900043128,0.208809088837034
"ENSG00000107560.10",0.00793459664885178,0.008250902705126,0.336218378017483
"ENSG00000119979.16",-0.000261457189193291,0.00580097028579514,0.964050488832628
"ENSG00000183605.16",-0.00195586256232238,0.00216959332023476,0.367328857574054
"ENSG00000151893.14",0.00821818299273535,0.00512395434416295,0.108741577509783
"ENSG00000151640.12",-0.00814427435142894,0.00263963348268846,0.00203291721928278
"ENSG00000260589.1",-0.0130543923790076,0.00589303341756647,0.0267446546994135
"ENSG00000225527.1",-1.89721424027778e-05,0.00351318020391077,0.995691224174653
"ENSG00000150594.6",-0.000303136832852867,0.00418170170173668,0.942210959243921
"ENSG00000233117.2",-0.00570172252628103,0.00462513665884842,0.21766216738329
"ENSG00000224597.9",0.00524399101469638,0.00428833858377356,0.22138669317665
"ENSG00000152455.15",0.00297064827026693,0.00524901095854558,0.571431588812493
"ENSG00000107679.14",-0.00271195285728147,0.00655498982389786,0.679076667780742
"ENSG00000255624.2",0.00105718083403561,0.00413320648771525,0.798122721078838
"ENSG00000179988.13",-0.00409092640289335,0.00383689267587573,0.286329539796436
"ENSG00000280560.1",0.00963228354213681,0.00419489573911608,0.0216649397556105
"ENSG00000280401.1",-0.00243175320293375,0.00326350516595233,0.456189875140774
"ENSG00000197444.9",0.0137630873872367,0.0038916177182053,0.000405316115036247
"ENSG00000204161.13",-0.0076384769689699,0.00780158924652036,0.327534311928886
"ENSG00000107485.15",-0.00280613312331047,0.00702129876824816,0.689406867525107
"ENSG00000136738.14",-0.00292115840600288,0.0055473341049563,0.598479872949729
"ENSG00000148488.15",0.00902234652851919,0.0045730143474371,0.0485008139081293
"ENSG00000227345.8",0.00102919685996817,0.00808239980486968,0.898672862567324
"ENSG00000133665.12",0.0142494590439911,0.00490410092365878,0.00366525005372775
"ENSG00000242600.8",0.00233796753274661,0.00426878962808381,0.583905722227783
"ENSG00000283101.1",-0.00802122989816021,0.00423795539220144,0.0583961523324861
"ENSG00000099290.15",-0.0108203896161765,0.00469634881923457,0.0212226204384848
"ENSG00000225137.1",0.0227272809908261,0.0071012515614386,0.0013720778134928
"ENSG00000148719.14",0.0168849528458607,0.00756244635554997,0.0255663011947962
"ENSG00000138316.10",0.00105262196839565,0.00613087038267388,0.863679602315885
"ENSG00000107736.19",0.0024079691268869,0.0037781685185653,0.52390491769536
"ENSG00000215065.3",-0.000470931461095492,0.00484545979047236,0.922575308681561
"ENSG00000204174.7",0.0513721337483632,0.00764160493508124,1.78400627603992e-11
"ENSG00000265366.6",-0.0130614663362197,0.00631059418310103,0.0384740689162333
"ENSG00000107854.5",-0.00897899470985057,0.0104603541963031,0.390680774437377
"ENSG00000138115.13",0.00135263753038212,0.00446269748767865,0.761814692070738
"ENSG00000095585.16",0.00801638555259336,0.00822819326221518,0.329928305600168
"ENSG00000077420.15",-0.0321705053643743,0.00884177635269919,0.00027426649943596
"ENSG00000273107.1",0.00885658245317051,0.00450486912951442,0.0492983607432265
"ENSG00000052749.13",-0.0151262241880653,0.00996794219906984,0.129143735669044
"ENSG00000155254.12",0.0287006457769946,0.00689344117304382,3.1344518241716e-05
"ENSG00000165633.12",-0.00736958429830559,0.0112928204879263,0.514020487008953
"ENSG00000120539.14",0.00190682920456634,0.00268386604785837,0.47740744026152
"ENSG00000229190.1",-0.00180653190663749,0.00372709542373148,0.627887500025102
"ENSG00000165512.4",0.0375241456030953,0.00730319645767505,2.77612715260389e-07
"ENSG00000226245.1",-0.00175945083086535,0.00602908135245524,0.770418633129154
"ENSG00000277288.3",0.0181233278818418,0.00509768580995322,0.000377681733631952
"ENSG00000148468.16",0.00112356699424503,0.00413798802140028,0.785987312220407
"ENSG00000187522.14",-0.00480550631381951,0.00645491296617766,0.456590567162749
"ENSG00000119927.13",0.00427043948770241,0.00676936171441985,0.528139800099792
"ENSG00000151150.21",-0.00985655275081043,0.00588169147015043,0.09377690158951
"ENSG00000204179.10",0.0160817080988751,0.00450164402225961,0.000353714069308286
"ENSG00000150175.13",-0.0183032283157993,0.00479770906508438,0.000136186585158016
"ENSG00000266524.2",-0.00223959237165398,0.0111517012869875,0.840831770501087
"ENSG00000165995.18",-0.00393915852334898,0.00748662080244867,0.59877721772264
"ENSG00000240291.1",0.00613794066724672,0.00356193258781566,0.0848514282936647
"ENSG00000196372.12",-0.000334897114356527,0.00485966012211171,0.945058320859186
"ENSG00000134452.19",-0.0213375546653976,0.00532459637674553,6.14022056606434e-05
"ENSG00000237169.1",-0.000996104555361622,0.00338056807457026,0.768256703590667
"ENSG00000155629.14",0.00775511511420798,0.00698625495328795,0.266976074826177
"ENSG00000166033.11",-0.0130586162944808,0.00756703800552848,0.0843971448135348
"ENSG00000165996.13",0.000898758260431322,0.0071312043301631,0.899706781087471
"ENSG00000165997.4",-0.00800393320952246,0.00639191813592377,0.210498516610862
"ENSG00000275024.1",0.00864867031680327,0.00357656502015154,0.0155996493536706
"ENSG00000165806.19",-0.0151785119814391,0.00331160067907397,4.57395462793997e-06
"ENSG00000148484.17",-0.0153546261173709,0.0096847056892884,0.11286390630772
"ENSG00000183621.15",0.000263035922822937,0.00791947522391222,0.973504087683523
"ENSG00000196177.12",-0.00165155680150619,0.00491850672872828,0.737033612668132
"ENSG00000138152.8",0.00434091810669197,0.00215799077769224,0.0442668197377629
"ENSG00000154473.17",0.0027650249735018,0.00494473291987567,0.576034848715203
"ENSG00000165868.13",0.00155931286236523,0.00826605293338642,0.850374540449023
"ENSG00000225778.5",-0.00316684896938161,0.0031329720432183,0.312105924678741
"ENSG00000215086.2",-0.0137915967389055,0.00640979711805015,0.0314254625271859
"ENSG00000230500.1",0.00884560561838894,0.00699937127592918,0.206312069675403
"ENSG00000150054.18",-0.0134895148437334,0.00588151826921573,0.0218167647883375
"ENSG00000123240.16",0.00287195129768635,0.00795014383052032,0.717916155551782
"ENSG00000279725.1",0.00431552718538168,0.00384804519667741,0.262081227694904
"ENSG00000166228.8",0.00419265474700562,0.00560251358850246,0.454247598057272
"ENSG00000188613.6",-0.00253552525860403,0.00426686027880325,0.55235376450154
"ENSG00000107581.12",0.0157473787452094,0.0134598676100101,0.242020892401776
"ENSG00000156398.12",-0.0345243758048835,0.0107039922911217,0.0012580830815947
"ENSG00000213277.3",0.0193397742290727,0.00483850314117438,6.41347848286955e-05
"ENSG00000107954.10",-0.0153295937741001,0.00379715956352398,5.41110928736765e-05
"ENSG00000239665.8",0.00384037235059151,0.00509270987738171,0.450793913150943
"ENSG00000234091.1",-8.95895032194553e-05,0.00478059657126846,0.985048330989257
"ENSG00000234175.1",-0.00639484131677878,0.00316056302466415,0.0430398096293435
"ENSG00000233968.6",0.0143392457561585,0.00605497031284976,0.0178759470587055
"ENSG00000215097.3",0.000767358662962479,0.00896422407125208,0.931782528822968
"ENSG00000204177.10",0.0128875068838671,0.00503192976957727,0.0104327497855443
"ENSG00000265630.2",-0.0134914104908696,0.00536152011786487,0.0118580541985126
"ENSG00000279058.2",0.0336430456203583,0.00305142774827279,0
"ENSG00000243289.1",-0.024239679626177,0.00549579825371014,1.03092223190382e-05
"ENSG00000265018.6",-0.00290813672288714,0.0029676765045733,0.327117099171475
"ENSG00000096717.11",-0.017054816922455,0.0108690354781274,0.116620066705056
"ENSG00000185736.15",-0.000776582891711731,0.00476476259367268,0.870530565526528
"ENSG00000226864.2",-0.0168365755586546,0.00260176085805426,9.72126823484132e-11
"ENSG00000276742.1",-0.0123740468938022,0.00249022073875876,6.72795568146256e-07
"ENSG00000254636.1",-0.00164167539112749,0.00275773177126214,0.551643521147916
"ENSG00000273891.1",-0.0302145107893094,0.005211311390345,6.71621114278764e-09
"ENSG00000169126.15",0.00355264980076981,0.00857737688775628,0.678736154262297
"ENSG00000279623.1",0.0306229031613292,0.00774807030242194,7.73950590118311e-05
"ENSG00000226493.1",-0.0145963986729712,0.00558547677280361,0.00896785536330746
"ENSG00000183230.16",-0.0205259467232204,0.00623970274652533,0.00100340151187917
"ENSG00000138336.8",0.0158099946824194,0.0076800491701554,0.039534502022193
"ENSG00000067064.10",-0.00394485947655319,0.00738095834898012,0.593020273285743
"ENSG00000108179.13",-0.00418065379378591,0.00652087298704329,0.521445547446103
"ENSG00000171813.13",-0.0128509341966219,0.00637761739230749,0.0439040715756637
"ENSG00000254271.1",-0.00726544218442062,0.00460109805540984,0.114320685910514
"ENSG00000170312.15",-0.0067077930593319,0.00585658865765049,0.252067790433928
"ENSG00000230869.1",0.0389584668906501,0.00289334633678813,0
"ENSG00000107551.20",0.0104476706765015,0.0136956686274692,0.445555912543674
"ENSG00000226937.9",-0.0105154623404712,0.00483158350003068,0.0295253017806929
"ENSG00000266412.5",0.25320856800266,0.00864640998335762,0
"ENSG00000150867.13",0.0230904950331818,0.0128707986901479,0.0728096695220966
"ENSG00000136770.10",0.00225663178654038,0.00883478826064356,0.798394339762249
"ENSG00000236756.4",0.00170181439061834,0.00986250316954793,0.863002010591371
"ENSG00000035403.17",-0.0381148148998701,0.024398702517296,0.118248971162573
"ENSG00000107758.15",0.0139807989266858,0.0156283278362723,0.371011325026146
"ENSG00000276531.1",0.0135151735125708,0.00625284825940326,0.0306611551255347
"ENSG00000213551.4",-0.00673143627864172,0.00922502255865903,0.465577735415439
"ENSG00000156042.17",-0.0154025123401365,0.0137954296598627,0.26421080225779
"ENSG00000166321.13",-0.0100655527710624,0.00834227110815573,0.227596921328678
"ENSG00000272630.1",0.00482612857606709,0.00657944471380549,0.463243716551719
"ENSG00000138286.14",-0.00426910496189908,0.0133818082869321,0.749709052786359
"ENSG00000233144.1",0.0161285785780912,0.00662742360432552,0.0149490037907525
"ENSG00000012779.10",-0.00497725563963636,0.00573407177814392,0.385386567415185
"ENSG00000230534.6",0.00256592952374562,0.00477723360333689,0.591187356465464
"ENSG00000148498.15",-0.00159707791288997,0.00922595137759487,0.862567225029609
"ENSG00000271335.5",-0.00181447028559267,0.00361172814644405,0.61539823926271
"ENSG00000165449.11",-0.000621264264813374,0.00632128700855247,0.921708931756617
"ENSG00000122873.11",-0.0146596468058859,0.00713952915187786,0.0400427903866163
"ENSG00000204130.12",0.0162632328018287,0.00872852744478711,0.0624302584158
"ENSG00000233590.1",0.0014000334837398,0.00369617967491335,0.704852336091145
"ENSG00000179774.8",-0.0025333228386702,0.00490814122140229,0.605751676690395
"ENSG00000138346.14",-0.000227694985302573,0.00655667967638428,0.972297288707616
"ENSG00000108187.15",-0.00577777856670254,0.00609247323003736,0.342952843297453
"ENSG00000122912.14",0.018016817787365,0.0103424282851829,0.0815032382252282
"ENSG00000148832.15",-0.00566738815463772,0.00549433623999671,0.302308086788974
"ENSG00000165879.8",-0.0142998250782406,0.00703077147107682,0.0419625541720827
"ENSG00000229417.1",0.00195789172885443,0.00529950641006997,0.711793870070765
"ENSG00000232903.2",0.000253994204623217,0.00362726448636144,0.944174856535793
"ENSG00000130643.8",0.000349493950932655,0.00455335319653074,0.938818218145702
"ENSG00000151651.15",-0.00532544321201486,0.00749769524602253,0.477532154276737
"ENSG00000233435.2",-0.00320767242363626,0.00489244600758874,0.512057213130695
"ENSG00000183346.6",-0.00347423529666542,0.00387532407430777,0.36998477964367
"ENSG00000122367.19",0.0150540353366746,0.00965428216341904,0.118922618863208
"ENSG00000122952.16",-0.0162019540014136,0.0103996261180925,0.119248372701471
"ENSG00000204740.10",-0.00525587145815415,0.00287992590626148,0.0680006793557995
"ENSG00000241058.3",-0.0026399077458794,0.0047906315910759,0.581595077126379
"ENSG00000229605.5",0.000895249179174352,0.00306058819137875,0.769897582571834
"ENSG00000107833.10",-0.0176281969700721,0.00562529608154576,0.00172595631930283
"ENSG00000086475.14",0.00644632332266029,0.0051244013419869,0.208404005803693
"ENSG00000214435.7",0.0392759907815809,0.00379587633660633,0
"ENSG00000065613.13",0.0405932950818167,0.0102204040332172,7.13346928230552e-05
"ENSG00000272983.1",0.0197324512755535,0.0065095924638363,0.00243512639191701
"ENSG00000276805.2",0.00952204167278384,0.0061913211131818,0.124056916151198
"ENSG00000226578.1",-0.000877952749750169,0.00553716249650603,0.87401835370863
"ENSG00000130649.9",0.0128342285499201,0.00677685063511504,0.0582470784167225
"ENSG00000214279.13",0.00271626824098507,0.00470943335078565,0.564093637644288
"ENSG00000148824.18",-0.0124641089880843,0.00849697041982002,0.142406363950419
"ENSG00000203772.7",0.0109843616118277,0.00774558386985263,0.156148413895258
"ENSG00000171772.15",-0.000877803859572394,0.00335225164778126,0.793433233120848
"ENSG00000095787.21",0.00960584965418942,0.00973081639448148,0.323565369072827
"ENSG00000228021.7",0.000893103225534942,0.00398996614446647,0.822883909603862
"ENSG00000203780.10",0.0157571795368957,0.00451506083113319,0.000483173795696401
"ENSG00000273153.1",-0.00367740806512801,0.00375697927049611,0.327668713319998
"ENSG00000234743.1",0.00800114151885586,0.00379490394026847,0.0349971776137301
"ENSG00000133661.15",-0.00698049251235471,0.0042887828200968,0.103606286162266
"ENSG00000132334.16",0.000577948991070956,0.00529445483409978,0.91307464204933
"ENSG00000186766.7",-0.00496549192644066,0.00440017704008843,0.259119163761435
"ENSG00000225302.2",-0.00699740595044449,0.00651557416222335,0.282844742458469
"ENSG00000188316.13",-0.00309418283283775,0.00487319436059378,0.525467975296795
"ENSG00000237512.6",-0.00466444254296088,0.00322481671369276,0.148059161594655
"ENSG00000166295.8",-0.00446537490227192,0.0090710245405399,0.622529914813037
"ENSG00000107731.12",0.00895343848367525,0.00810812676458135,0.269482592771545
"ENSG00000189319.13",-0.00331484147802876,0.00531573350344857,0.532896481362892
"ENSG00000175029.16",0.0131707480892696,0.00332727872919763,7.54489661597413e-05
"ENSG00000107554.16",0.00196332194235905,0.00347606379644282,0.572201761971188
"ENSG00000095539.15",-0.0247836072644217,0.00938342189926665,0.00826099896200527
"ENSG00000273162.1",-0.0245863548148702,0.00679976755954982,0.000299463096534169
"ENSG00000165863.16",0.0063382705351111,0.00594622143310479,0.286454167013696
"ENSG00000236671.7",0.0073770610540895,0.00417660880664024,0.0773488671484616
"ENSG00000122863.5",-0.0146670931785406,0.00719213703711906,0.0414177641929698
"ENSG00000165874.12",-0.00720175853578004,0.00533916338262841,0.177383465717761
"ENSG00000274209.4",0.00322797626243422,0.00592965594302643,0.58618114741994
"ENSG00000213025.2",0.00248403464501059,0.00428642298054454,0.562243580342142
"ENSG00000165322.17",0.0113582170533842,0.00748922717315874,0.129365845992955
"ENSG00000272381.1",-0.0132254980972652,0.00392770366096776,0.000759261784696874
"ENSG00000175395.15",0.00383908037713371,0.0189700680092101,0.839623041060594
"ENSG00000282390.1",0.00229044679339223,0.00405697215975226,0.572365936392863
"ENSG00000203791.14",0.0108432430873497,0.00417180137595584,0.00934480386696612
"ENSG00000280355.1",-0.00414118096311231,0.00361520364768441,0.252006082433472
"ENSG00000278616.1",0.00255500862509629,0.00342574012160968,0.455772077906837
"ENSG00000260314.2",7.24323954361244e-05,0.00570779509379125,0.989875050177927
"ENSG00000177853.14",0.00246079905382877,0.00781009713954401,0.752701530983227
"ENSG00000077147.14",0.013065809016873,0.0113502542997864,0.249671843635984
"ENSG00000196233.12",0.00964243339568189,0.0103292610861735,0.350558464435725
"ENSG00000151929.9",0.0135611775092385,0.00891013288384697,0.128010338850409
"ENSG00000234182.1",0.00276151452584451,0.00468577647663509,0.555633357744848
"ENSG00000108094.14",-0.00106279400324111,0.0085531656073622,0.901111486526163
"ENSG00000148606.12",0.0119116963817368,0.00704204432683224,0.0907392232069094
"ENSG00000138326.18",0.0100899770059666,0.00588031969397343,0.0861823253266149
"ENSG00000151632.17",-0.00719049922684973,0.00278027592374757,0.00970254524805847
"ENSG00000231298.6",0.0107854098522404,0.00378288246938878,0.00435670463795712
"ENSG00000138138.13",0.0161656420600836,0.00988936234444121,0.102122526538746
"ENSG00000156510.12",-0.00562097751628518,0.0033814700174079,0.096455014018113
"ENSG00000107960.10",-0.0336270824562682,0.00799148946799117,2.57798557461442e-05
"ENSG00000138134.11",-0.0228753766698338,0.00646221014941482,0.000400325858230022
"ENSG00000180139.11",-0.0217886146772753,0.00931770550262761,0.0193659953042812
"ENSG00000229932.3",0.008875369552596,0.00402434475296624,0.0274246507269689
"ENSG00000224714.2",0.00115572966745256,0.00453707828627701,0.79893169216562
"ENSG00000060339.13",0.0108730923313627,0.004923564419181,0.0272179201357454
"ENSG00000165730.14",0.0145741497840792,0.00411933559609645,0.000403192133988761
"ENSG00000189014.7",-0.00385421924601842,0.00476698057800328,0.418788870045492
"ENSG00000231187.2",0.00351320593770867,0.00605888998141973,0.562020386452875
"ENSG00000264204.2",0.0605240108643463,0.00482457806936711,0
"ENSG00000151474.21",0.00538895161585497,0.00419817001823011,0.1992668919867
"ENSG00000107937.18",0.00131001890681845,0.00846868062912438,0.877065834935473
"ENSG00000152782.16",0.00593191113849785,0.00572079234192781,0.299780707452539
"ENSG00000232229.5",0.00335350471373071,0.00368425732468334,0.362703634708612
"ENSG00000185745.9",-0.0116708435118574,0.00724020167455525,0.106972807826648
"ENSG00000240996.1",0.00616098351706357,0.00355178175878686,0.0828085416834876
"ENSG00000152778.8",0.000569136005413301,0.00452992445634424,0.900017545556145
"ENSG00000235100.3",0.00339236723064175,0.00372141782649246,0.361990255360616
"ENSG00000148426.12",0.00217771041748486,0.00594487569821574,0.714128371734921
"ENSG00000183049.12",-0.00372119318645159,0.00490283052824794,0.44785928992785
"ENSG00000151461.19",0.00583671374808157,0.00526080539732373,0.267226824966895
"ENSG00000065809.13",-0.000729578040225058,0.00471444507553669,0.877015456401405
"ENSG00000181192.11",0.013636182592697,0.00910079701134285,0.134042243013561
"ENSG00000134463.14",0.00808838427417824,0.00310396357613195,0.00916534149105708
"ENSG00000138190.16",-0.000274768135359467,0.00890690191708773,0.975390041608722
"ENSG00000107669.17",-0.0017161320237793,0.00598198833364209,0.774201745769314
"ENSG00000175535.6",0.00104382005237952,0.0036672485868589,0.775925308375729
"ENSG00000151892.14",0.0072891639309928,0.00884259304768265,0.409755340130518
"ENSG00000266200.6",0.00544629753775172,0.00328803613221746,0.0976411803471617
"ENSG00000277879.1",0.00472652244215527,0.00443505189833726,0.28655034270868
"ENSG00000107771.15",-0.0155783946721509,0.0123058727468312,0.205537528273111
"ENSG00000229081.1",0.00358234407848169,0.00383555915238445,0.350313061057428
"ENSG00000148826.8",0.00429348970872478,0.00391190144596696,0.272403015538871
"ENSG00000187021.14",0.00279497614535375,0.00375340235625417,0.456482514463753
"ENSG00000165650.11",0.0051343321553243,0.00798163982470777,0.520050324705876
"ENSG00000177640.15",-0.00313417005542472,0.00433540586513656,0.469726420993671
"ENSG00000165646.11",-0.00939133264175681,0.00533397786378841,0.0782956119105153
"ENSG00000165626.16",-0.0059598371650413,0.00621382431896456,0.337495541176803
"ENSG00000107537.13",0.00362152701965085,0.00506491281727043,0.474595092136686
"ENSG00000213260.3",0.00546370027027532,0.00536814984214664,0.308773245718854
"ENSG00000232004.1",0.0034008299781252,0.00521385341024441,0.514228269637097
"ENSG00000148908.14",-0.012090951857302,0.00584266615619109,0.0385063437425812
"ENSG00000151923.17",0.00834148664400443,0.00874477746957439,0.340143328220954
"ENSG00000228701.1",0.00546335794543912,0.00252003049071485,0.0301607444458158
"ENSG00000105988.6",0.0059359945159944,0.00391024188407418,0.1289984536376
"ENSG00000138160.5",0.00289456700752991,0.00680435127032276,0.670545536952603
"ENSG00000065665.20",-0.00471582262858783,0.00453167784306354,0.298044975103533
"ENSG00000216937.13",0.0116129505849328,0.00438348046361068,0.00806698171125964
"ENSG00000099250.17",0.0192431173198854,0.00810798546212779,0.0176273745952648
"ENSG00000150093.18",-0.00686592569532938,0.0156957469980215,0.661793290910299
"ENSG00000225936.1",0.0107455700459385,0.00392552237519232,0.00619343739720635
"ENSG00000204176.13",0.0161224751186277,0.00569291191707609,0.00462540733848371
"ENSG00000264230.7",0.024624531049898,0.0103254425875469,0.017086539402599
"ENSG00000266217.2",0.0034762057571149,0.00793814357387675,0.66145031122873
"ENSG00000177354.11",0.00590264141429301,0.00551086293954408,0.284128048101945
"ENSG00000154478.3",-0.00527525231508429,0.00380041510440433,0.16511491983585
"ENSG00000182632.15",-0.00372814039297233,0.00429487510082457,0.385370267312871
"ENSG00000215146.4",0.0042075241158874,0.00281316074431464,0.134743009583734
"ENSG00000185904.11",-4.39795808014245e-05,0.00304496447002342,0.988476250266394
"ENSG00000236114.1",-0.00203008377596949,0.00519786212714295,0.696121538016038
"ENSG00000169740.13",0.00843760487110776,0.00829404659005282,0.309006649810123
"ENSG00000230565.1",0.0112800838606833,0.00401336036235146,0.00494441187260453
"ENSG00000224914.3",-0.00740984166174975,0.00387496919802252,0.0558463916765276
"ENSG00000136758.18",0.0195747884702181,0.0155201874133499,0.207219901093436
"ENSG00000170430.9",0.00619305744972103,0.00308622585963645,0.044784101071947
"ENSG00000273038.2",0.00958176963883434,0.00536711129701213,0.0742167213330708
"ENSG00000229124.6",0.0076208106552303,0.00370823158869705,0.0398687240964908
"ENSG00000182022.17",0.000999200839275933,0.00602628002495181,0.868308650796143
"ENSG00000119965.12",0.00608634702038533,0.00395833641575114,0.124145894445893
"ENSG00000204832.9",-0.000439327999860742,0.00302157087324928,0.884397260803609
"ENSG00000108055.9",0.00501987330544984,0.011710148861839,0.668158187660904
"ENSG00000148700.14",-0.0478354075832142,0.0113854796943927,2.65222772525275e-05
"ENSG00000226900.1",0.00495903717180701,0.00345275687965221,0.150929971772651
"ENSG00000148773.13",-0.00484897038291897,0.00441653154166132,0.272242185281337
"ENSG00000232075.1",0.00324608591049438,0.00578480645351827,0.574702146731771
"ENSG00000120057.4",0.00684733036448526,0.00664367599955561,0.30270316545245
"ENSG00000213390.10",-0.00335397764571078,0.00605457837458769,0.579608096393709
"ENSG00000171160.17",-0.0209094939881207,0.00504843532303271,3.44625130574983e-05
"ENSG00000280809.2",0.000818612185552308,0.00626340136558718,0.89601444771756
"ENSG00000120616.15",-0.0186241691855461,0.00844874063801507,0.0274981774604292
"ENSG00000237036.4",0.00847823790673965,0.00992987618923016,0.393209696986909
"ENSG00000077943.7",0.00265233691816505,0.00610194385586158,0.663801384295648
"ENSG00000152464.14",0.00275760198536464,0.00535570288907459,0.606629350951413
"ENSG00000244733.5",-0.00876246139112553,0.00289639932865173,0.00248391013874283
"ENSG00000226659.1",0.00562286939949964,0.00297398903426478,0.0586667229533292
"ENSG00000188199.10",-0.00513208807336004,0.00279833913092553,0.0666574895747809
"ENSG00000151224.12",-0.0136139715183707,0.00380979818865782,0.00035236218522694
"ENSG00000108219.14",0.00190843723377137,0.00952523573035936,0.841202242221605
"ENSG00000224934.2",0.00548818276007925,0.0106097379379619,0.604962192258858
"ENSG00000227695.5",0.000136799913624274,0.00493792502362336,0.977898291737026
"ENSG00000138131.3",0.00937237095447729,0.00607217469943568,0.122710733019543
"ENSG00000188816.3",0.00191939179213596,0.00473407642399587,0.685152895445755
"ENSG00000107902.13",-0.00680028520146785,0.0049432478880949,0.168923361556378
"ENSG00000065154.11",0.00554802432052646,0.00810395113650539,0.49359174265041
"ENSG00000099204.18",0.00874698282599093,0.00793052996198358,0.270048615999355
"ENSG00000165752.16",0.00293610209308555,0.00365912266454711,0.422318125729121
"ENSG00000171811.13",-0.00262548460369362,0.00413685812227924,0.525652358707887
"ENSG00000148814.17",0.00917015822050544,0.00491711544632316,0.0621888757391795
"ENSG00000152457.17",0.00690995692974874,0.00366666727913335,0.0594928622561026
"ENSG00000232739.1",-0.0119585667782786,0.00388354826311766,0.00207495412433145
"ENSG00000171311.12",0.0196608259311549,0.0062626414782319,0.00169304400833203
"ENSG00000228570.7",0.00694586364533385,0.00244566056309466,0.00451026842384006
"ENSG00000273760.1",-0.0291949900332634,0.00548946702277873,1.0470378530858e-07
"ENSG00000107611.14",0.00341944776049966,0.00682606642020358,0.616413551517393
"ENSG00000185303.16",-0.00606204144609366,0.00513754173900166,0.238020173720116
"ENSG00000187122.16",-0.00359048904839893,0.00350308186097865,0.305386067300433
"ENSG00000165816.12",0.0118715443564499,0.00766536917074121,0.12144798303612
"ENSG00000232934.7",0.00422173435996674,0.00495009181600446,0.393737052047136
"ENSG00000189129.13",-0.0368065947284449,0.00662769411057232,2.80079307524161e-08
"ENSG00000228330.1",-0.00155205963658603,0.00278046870918871,0.576707328985128
"ENSG00000187908.16",-0.000915062675384272,0.00391421488685543,0.815156269139616
"ENSG00000065621.14",0.0593494208776864,0.00782427296801797,3.31956684362922e-14
"ENSG00000156395.12",0.00565802661964348,0.00641626928820882,0.377871453898055
"ENSG00000260461.1",0.00603873626516385,0.00883696683906123,0.49438606574848
"ENSG00000172661.17",0.00498867378525758,0.0051888405765259,0.336339222936575
"ENSG00000107968.9",-0.00588482943610631,0.00771597756990037,0.445653668582183
"ENSG00000240527.1",0.00366032760351356,0.00626770083474817,0.559221351543464
"ENSG00000107938.17",-0.00243015942113022,0.00614995228335363,0.692731497277925
"ENSG00000232706.3",0.0048977432358292,0.00495423615895549,0.322860331690848
"ENSG00000212743.2",-0.00125749593984635,0.00396487820954113,0.751123124511958
"ENSG00000123243.14",-0.00344727677268306,0.00506170481812554,0.495839514918077
"ENSG00000229870.1",0.00559037644715015,0.0041998183312217,0.183156244784928
"ENSG00000279863.1",-0.00841775669692611,0.00725420418019957,0.245887211629446
"ENSG00000120594.16",0.00972926575037686,0.00779161265068203,0.21178050148659
"ENSG00000178429.9",-0.00423568906129163,0.00346805270870331,0.221955397409825
"ENSG00000148604.13",0.00812685491649923,0.00523547830672191,0.120598592106571
"ENSG00000095587.8",0.00836950870889365,0.00557253381317156,0.133117366397415
"ENSG00000107438.8",0.0124207085651428,0.0120148461446477,0.301238987834333
"ENSG00000230445.4",-0.00709394110832278,0.00440428514940697,0.107247154810853
"ENSG00000171206.13",-0.0096053001980272,0.010517619356557,0.361106857064723
"ENSG00000269952.1",-0.00566869132613632,0.00638119754232056,0.374356347130422
"ENSG00000273450.1",0.00284136173390799,0.00357233329413311,0.426392607761769
"ENSG00000173145.11",0.00816213902798952,0.00576550421920482,0.156867691738523
"ENSG00000155252.13",0.00333364173409556,0.0080904705417331,0.680306096077491
"ENSG00000182010.10",0.00695250865598242,0.00616506692052667,0.25943548938157
"ENSG00000089876.11",0.0189767513704759,0.00589127840235504,0.00127672771608567
"ENSG00000107949.16",0.0228073718971825,0.00709682604034143,0.00131017083702878
"ENSG00000224251.6",-0.0125896427670752,0.00305058732333728,3.67595064620918e-05
"ENSG00000196139.13",-0.00499514434404103,0.00465433645551262,0.28317074484606
"ENSG00000165568.17",-0.00736056070112405,0.00348360243041706,0.0346079240430007
"ENSG00000227374.1",0.00478832604664903,0.00354632073495034,0.176944261490947
"ENSG00000272140.2",-0.00193408374949882,0.00684241467734393,0.777436717850576
"ENSG00000196968.10",-0.0120879648340481,0.00720653802956216,0.0934719380051182
"ENSG00000227540.1",0.00556435721656227,0.0116997060271828,0.634360774360543
"ENSG00000272791.1",0.00466554979333762,0.0095289319357527,0.624403256591968
"ENSG00000185009.12",-0.00574490492889729,0.0124253107894383,0.643826743344077
"ENSG00000242338.6",-0.000804692663780652,0.0117875596460776,0.945573678542756
"ENSG00000155287.10",-0.00253921163698916,0.00889580336607997,0.775307623664802
"ENSG00000166135.13",0.00188967386422762,0.00711668097462139,0.790603197601672
"ENSG00000234942.2",-0.00758902682302888,0.00354497893510914,0.0322916283688037
"ENSG00000134461.15",-0.0131775627490638,0.00390726631888781,0.00074467829903313
"ENSG00000156502.13",-0.0141543506265447,0.00670174878141493,0.0346831576681615
"ENSG00000260400.1",-0.00432367487147592,0.00754035044573087,0.566370485539474
"ENSG00000226386.1",0.0151227177790972,0.00546252555169955,0.00563239779930758
"ENSG00000108100.17",0.00146010046673292,0.00924074851574878,0.874451494625412
"ENSG00000222047.8",0.009708382301674,0.00823742533647714,0.238569447091628
"ENSG00000213700.3",-0.00562939302619359,0.00916009601197081,0.538847903180799
"ENSG00000236991.6",0.00215951146563452,0.00566207170436019,0.70290681249642
"ENSG00000228065.10",0.00163861878261037,0.00456573415172226,0.719673701787098
"ENSG00000232656.7",-0.0040703143492811,0.00424587310161431,0.33773413348084
"ENSG00000232470.1",0.00312657473087395,0.00493701053073432,0.526542254758767
"ENSG00000095596.11",-0.00390539149812837,0.00409159770421285,0.339835371337243
"ENSG00000213432.2",0.00386405380699611,0.0036420111870508,0.288704883055187
"ENSG00000095485.16",-0.0058199666361537,0.00330415115721452,0.0781689443166431
"ENSG00000023839.10",-0.00010595048482103,0.00596500328425787,0.985828706677248
"ENSG00000196693.14",0.000544605878237807,0.00724014334704774,0.940039419458771
"ENSG00000236797.1",0.0012309533222789,0.00624784299948364,0.843811474146225
"ENSG00000226051.6",-0.00312549044367144,0.00609641193411178,0.608177250861236
"ENSG00000079332.14",0.00317290640414422,0.00538846405095432,0.555973187865366
"ENSG00000165476.13",0.00634363675630823,0.0101037121747581,0.530100841982668
"ENSG00000067057.16",-0.00543550711882083,0.00722867724649764,0.452089175998427
"ENSG00000235823.1",-0.00101938940617464,0.00906560561562522,0.910469931029218
"ENSG00000107821.14",-0.0114037334982044,0.00897447431826096,0.203840591284776
"ENSG00000175470.18",0.000768542394169224,0.00517448423705643,0.881928133863156
"ENSG00000120008.15",-0.00507174630417941,0.00493609399372159,0.304193692812043
"ENSG00000066468.22",-0.00217626940490468,0.00489143128417931,0.656381439963363
"ENSG00000279029.1",0.00348747530895207,0.00563951694216927,0.536311927802037
"ENSG00000108018.15",-0.0141923037283281,0.00597181469127153,0.0174754917658683
"ENSG00000196793.13",-0.0102614119259122,0.00625968986216134,0.101154043862036
"ENSG00000259869.1",0.00735806049079165,0.0044353648630247,0.0971253250509022
"ENSG00000229116.2",0.018524238848049,0.00674049811461065,0.00599233920295694
"ENSG00000203414.2",-0.00668307454946607,0.00311265316846235,0.0317879569996273
"ENSG00000231233.1",0.00280945355889253,0.00527364952363738,0.594217575310128
"ENSG00000231920.1",0.0247000199707353,0.00843056777981772,0.003391617847461
"ENSG00000188611.14",-0.00143092133034337,0.00266279371020304,0.591007944475121
"ENSG00000108231.12",0.0096591180757993,0.00426396370760499,0.0234948356739759
"ENSG00000232139.5",-0.000156027513739876,0.0038859911681692,0.967972520383637
"ENSG00000134470.20",0.00550665915151936,0.0063137634686683,0.383117019491145
"ENSG00000107890.16",-0.0113027887761434,0.00612070273137493,0.064798046650497
"ENSG00000108064.10",-0.0218762618584991,0.0083485466186296,0.00878350052463606
"ENSG00000165424.6",0.00984133903119583,0.00884710258740505,0.26597484600508
"ENSG00000204022.9",-0.00613818704377932,0.00367770223051752,0.0951118822980784
"ENSG00000234961.1",-0.00692718015132443,0.00465282344511772,0.136536837753891
"ENSG00000165757.8",-0.00380297883609476,0.00654557319773416,0.561240370330484
"ENSG00000232682.2",0.0044574743165134,0.0047733952282498,0.350398654941027
"ENSG00000156521.13",0.00650250249684771,0.00767827658605506,0.397067556360556
"ENSG00000180817.11",-0.000619202685614339,0.00570110491271069,0.91351103842499
"ENSG00000283141.1",-0.000866702483245231,0.00348766124740629,0.80374343023547
"ENSG00000148730.6",-0.00512801827686516,0.00669204340309614,0.443506226153675
"ENSG00000231245.2",0.00518666557710295,0.00446570542865441,0.245461493362925
"ENSG00000280693.2",0.00293724006756938,0.0053228796933535,0.581075725872931
"ENSG00000182771.18",-0.00113697898613531,0.00479018943745041,0.812380818587111
"ENSG00000107816.17",-0.000308465749108369,0.0102293847287991,0.975943542040237
"ENSG00000047056.14",0.00478287146025941,0.00445045577834094,0.282512421320157
"ENSG00000108001.13",-0.00596676776988608,0.00539750567933151,0.268957016443754
"ENSG00000278561.1",0.00192515872426976,0.00471806089266429,0.683244128464717
"ENSG00000128815.19",0.00531109280321136,0.00838375675949679,0.526408512692422
"ENSG00000107643.15",0.0136629980971805,0.00742608895856881,0.0657881202211855
"ENSG00000187134.13",-0.0085965645726591,0.00449013110765561,0.0555503699413633
"ENSG00000156374.14",0.0267607273086275,0.0107006439946005,0.0123894929973646
"ENSG00000120051.14",-0.0185675553522331,0.00540019096894916,0.00058534725499515
"ENSG00000197467.13",-0.000412129902394995,0.00526817525141107,0.937645015168319
"ENSG00000108039.17",-0.00565021705084382,0.00885168693599967,0.523264789182074
"ENSG00000226086.5",-0.00135424365068909,0.0090071175850961,0.880486426752925
"ENSG00000099284.13",-0.0112953412214216,0.00552174552307683,0.0407946968591231
"ENSG00000224222.1",0.00786799226662615,0.00343156542289526,0.0218578592847484
"ENSG00000229656.6",-0.00728141940602753,0.00430661784529335,0.0908843259189318
"ENSG00000165732.12",0.0233827687188823,0.0112115058843837,0.0370144505028071
"ENSG00000197321.14",0.0104171746989714,0.0117044675997866,0.373456778133045
"ENSG00000260475.1",0.00419306988932603,0.00423450846840007,0.322069494010486
"ENSG00000261438.1",-0.0148560702129314,0.00585407226260365,0.0111573187363888
"ENSG00000138135.6",-0.0215635432346273,0.00578267094292279,0.000192245994831808
"ENSG00000148690.11",0.00788423808483712,0.00364493871048428,0.0305362073309228
"ENSG00000187553.8",-0.00383047912062848,0.00473627465424655,0.418656897348159
"ENSG00000165632.7",-0.00396665464776187,0.00475424656416313,0.404089823954279
"ENSG00000227896.2",0.00654815864236989,0.00805093539162765,0.416022376882362
"ENSG00000225484.6",-0.0116110015540401,0.00356777887292306,0.00113629692374506
"ENSG00000273372.1",-0.0193995862875499,0.00444422705735496,1.27052745976242e-05
"ENSG00000119946.10",-0.00646846129616057,0.00607290117177306,0.286814715607868
"ENSG00000225213.2",-0.00534921727425911,0.00365930807810555,0.143792973469796
"ENSG00000233122.2",-0.00767305694113198,0.00641239087108264,0.231463107105782
"ENSG00000176171.11",0.00581902483616238,0.00546856075904201,0.287289254329506
"ENSG00000150051.13",0.00599121373351751,0.010396513067384,0.564431712473872
"ENSG00000273008.1",0.00806456990366771,0.00794583841635335,0.310133189767037
"ENSG00000198915.11",-0.00557922302237497,0.00574661908189303,0.331612762956545
"ENSG00000165731.18",-0.013985962231805,0.00586624127270963,0.017118915761456
"ENSG00000197142.10",0.0011148506884622,0.00608466760384755,0.85462309537302
"ENSG00000023041.11",-0.00141589922468465,0.00433020068742333,0.743681229885271
"ENSG00000119913.4",-0.0011367849492743,0.00743224430555143,0.878435245620545
"ENSG00000148841.15",0.00939471802487653,0.0144225781344143,0.514794994498615
"ENSG00000256574.6",0.00632417926909953,0.00545303074975354,0.246148600735205
"ENSG00000165609.12",-0.016092836673131,0.00495813222627387,0.0011714340297696
"ENSG00000259994.1",-0.00762499251261039,0.00472639087023471,0.106683659818546
"ENSG00000148481.13",-0.00407452675739909,0.00629102542610846,0.517196527863863
"ENSG00000284024.1",-0.00815298192867329,0.00450408951432092,0.0702758232728173
"ENSG00000148600.14",0.0153001086891183,0.00625649713149114,0.0144661389822895
"ENSG00000215244.2",0.00958705441750512,0.00394601899065963,0.0151175375193676
"ENSG00000068383.18",-0.0048314440252613,0.00803845180934219,0.547812271690878
"ENSG00000151657.11",0.00140443550471408,0.00355886358218246,0.693115727487272
"ENSG00000148848.14",0.00726024750744348,0.00573159230138706,0.205260112434017
"ENSG00000188690.12",-0.00189475289089,0.00567917079965044,0.738657297419451
"ENSG00000154485.4",-0.00231537465129816,0.00323480649437817,0.474133912742601
"ENSG00000151151.5",-0.0285100893361676,0.00876162384134615,0.00113803007727753
"ENSG00000204152.10",-0.00208367378084907,0.00757419369639785,0.78323808334738
"ENSG00000198964.13",-0.010429003919163,0.00876173767606207,0.233932645936213
"ENSG00000230417.11",0.00252513957378718,0.00536732403006755,0.638022638164819
"ENSG00000228280.1",-0.00283975792883678,0.00402471661937667,0.480449616376385
"ENSG00000165655.16",0.00591494411824154,0.00740124439899751,0.424184666938483
"ENSG00000178363.4",0.00435332374658036,0.00348614621676817,0.211756667651641
"ENSG00000095574.11",0.0109131144041225,0.00707793473559109,0.123110023418364
"ENSG00000228302.2",0.00923910875273007,0.00420620732027058,0.0280532112934806
"ENSG00000148702.14",0.00364412579711877,0.00437418774876179,0.404789624934799
"ENSG00000026103.21",-0.0405353460703663,0.00658153486178879,7.32287008808896e-10
"ENSG00000107957.16",-0.00840593445206425,0.0101741355192668,0.408687097996199
"ENSG00000198682.12",-0.0186724945531187,0.00835118277951441,0.0253576556492381
"ENSG00000204049.1",0.0114179240981247,0.00494700486931919,0.0209964736132006
"ENSG00000138185.18",-0.0283603307171337,0.00889542972999259,0.00143165839545067
"ENSG00000270300.2",0.00666807517312923,0.00426242103556128,0.117726760439993
"ENSG00000198825.12",0.00137413646471412,0.00595106581692036,0.81738787359219
"ENSG00000277218.1",0.0065815496237013,0.00514766655115032,0.201055528841257
"ENSG00000119919.10",0.00976500714487614,0.0050934806559932,0.0552178630813766
"ENSG00000108239.8",-0.00288237437454351,0.00667962928532854,0.666092409038232
"ENSG00000165832.5",-0.0139687275405855,0.0111381285015198,0.209792589863303
"ENSG00000226647.2",0.00734727073283607,0.00317543006299868,0.0206793753952551
"ENSG00000232807.2",-0.00867532892722876,0.00366224979756749,0.0178433766420024
"ENSG00000178462.11",0.0014003304099519,0.00270757928123791,0.605024181293868
"ENSG00000134460.15",-0.00301631299352505,0.00379168012399891,0.426317887263195
"ENSG00000107951.14",-0.0193039107596298,0.00694049952289376,0.00541344839058278
"ENSG00000122359.17",0.00998992438042439,0.00526754959845588,0.0578935445057933
"ENSG00000277687.1",0.00466201712775466,0.00557213645690521,0.402780334919022
"ENSG00000196865.4",-0.0111450337456723,0.00828764279878145,0.178697169251724
"ENSG00000233837.1",-0.0201441337978148,0.00693693406826464,0.00368550782037047
"ENSG00000199407.1",0.00540132714781679,0.0050439279535016,0.284233590963099
"ENSG00000203942.4",0.00269790678506768,0.00537543062417924,0.615740724087925
"ENSG00000197771.12",0.00198553891200811,0.0177215783531946,0.910791096937131
"ENSG00000148516.21",-0.00580393353581038,0.00973226276708805,0.550934666187176
"ENSG00000237135.1",0.000282339213281974,0.00337886395875264,0.93340595550661
"ENSG00000278484.1",0.0168696462451677,0.00433429329265088,9.93667164959078e-05
"ENSG00000119950.20",0.00235361908560726,0.0105056565793522,0.822731231079877
"ENSG00000150593.17",0.00825046874358907,0.00411325012602846,0.0448746937831236
"ENSG00000165985.9",-0.00518609757469349,0.00279633807645996,0.0636529093127137
"ENSG00000279631.1",0.00202999609676583,0.00790305318465963,0.797285105938472
"ENSG00000148444.15",0.00673697942995896,0.00680247915083113,0.321992717654205
"ENSG00000121898.12",-0.00120182750872522,0.0055864371994884,0.829663554107731
"ENSG00000136754.16",0.0298860050215268,0.00964218759394788,0.0019384455279936
"ENSG00000107897.18",0.00679561862424342,0.0112378243552394,0.545372065710892
"ENSG00000108010.11",-0.0104032605363722,0.00619019415692616,0.0928400004233545
"ENSG00000227253.3",-0.00105068551049988,0.00676790025923202,0.876627843240526
"ENSG00000273474.1",0.00292750354786597,0.00362012850520723,0.418702727137558
"ENSG00000217094.2",-0.0012651279409411,0.00470487213008059,0.788008628350323
"ENSG00000232767.1",0.00258200036561173,0.0049377355065724,0.601035603896886
"ENSG00000261456.5",-0.00353160538489447,0.00637266482510482,0.579455450471164
"ENSG00000237399.7",0.00438385253199731,0.00387675384931748,0.258137186366581
"ENSG00000226005.3",0.00876357059419773,0.00363887088572422,0.0160260658674972
"ENSG00000237943.6",0.00726741047025301,0.00376230763329303,0.0534043965822655
"ENSG00000151655.18",0.00326449773593191,0.00291979332774585,0.263542303583943
"ENSG00000198879.11",-0.00283915177162276,0.00479987432324614,0.554181811530497
"ENSG00000224023.10",-0.010137125780224,0.00459062865900097,0.0272288230485441
"ENSG00000150760.12",-1.36148301784131e-05,0.00483598197714962,0.997753703694821
"ENSG00000272933.1",0.0032014871917553,0.00747861551858496,0.668588841168828
"ENSG00000178440.5",0.00289117410825212,0.00818265481261096,0.723841361175745
"ENSG00000233665.8",0.00704596954947839,0.0053755689677498,0.189945853542053
"ENSG00000264717.5",0.0118344226362969,0.00695424261515294,0.0888011572014807
"ENSG00000177283.7",0.0094589046307272,0.00763457974263993,0.215361975035022
"ENSG00000095794.19",-0.00988033148848343,0.00859162234589,0.25014551123225
"ENSG00000148429.14",0.0136845273543182,0.00520367986029904,0.00854404232825379
"ENSG00000277758.4",-0.00801450448895075,0.00512583723812367,0.117923208019898
"ENSG00000095637.21",0.00890626057696878,0.0140221478056261,0.525326245913265
"ENSG00000228339.1",0.00240602402486621,0.00314845767810154,0.444753239215504
"ENSG00000107984.9",0.00658803503424147,0.00700976653928425,0.347301390483666
"ENSG00000176236.6",-0.00522603667987691,0.00394702280582854,0.185488026953872
"ENSG00000197889.9",-0.00559079247368331,0.00348099696401486,0.108254259194688
"ENSG00000165630.13",-0.00512591899042188,0.00662582872535258,0.439151490656494
"ENSG00000176244.6",0.0077019381612576,0.00316950145965477,0.0150981707315073
"ENSG00000183128.7",0.0121022537552608,0.00469265948913309,0.00990938204396963
"ENSG00000166275.15",0.0679147347666892,0.00715502231668073,0
"ENSG00000138175.8",-0.11287567166713,0.00960561321051575,0
"ENSG00000273108.1",0.00396100425602206,0.00507247982078781,0.434872355588706
"ENSG00000278982.1",-0.000101153116934182,0.00427273055217208,0.981112552992784
"ENSG00000197748.12",0.0240265467503787,0.00613909660216638,9.08947353626122e-05
"ENSG00000181274.6",-0.0132591995521381,0.00697875025407682,0.0574411294914591
"ENSG00000231345.3",0.0068882732114814,0.00311088041327215,0.0268114477932079
"ENSG00000260917.1",-0.00246600393540861,0.00585966248529934,0.67386898264045
"ENSG00000213514.2",-0.0137154304918731,0.00570202869847661,0.0161565509064419
"ENSG00000226200.6",0.0193912019597376,0.00654632639595179,0.00305498728624087
"ENSG00000148483.8",0.00378402725169298,0.00363649773987159,0.298075569342735
"ENSG00000269609.5",0.17404380350229,0.0115252206055852,0
"ENSG00000272912.1",0.0324700202827088,0.00502663074303826,1.04980579784808e-10
"ENSG00000138111.14",0.0516392084842513,0.0038460315121453,0
"ENSG00000107874.10",0.000885185096927688,0.0147373141272468,0.952104496576031
"ENSG00000148843.13",-0.0080722520642351,0.00691926000059882,0.243357734118777
"ENSG00000076685.18",0.0401481967364659,0.00599081982622278,2.06121786305857e-11
"ENSG00000177613.8",0.00974207052608227,0.00747478544004424,0.192464021639155
"ENSG00000223502.1",-0.00602032402538954,0.00443082185229483,0.174229768908193
"ENSG00000272447.1",0.00763523414239972,0.00502655671592111,0.128767779567402
"ENSG00000168283.13",-0.0160336801149313,0.0103431878134273,0.12110116694378
"ENSG00000180592.16",-0.0283321248693146,0.00866849910654786,0.00108157284776467
"ENSG00000229278.1",0.00239803343654454,0.00531666007141585,0.651959760606721
"ENSG00000107959.15",0.00252055296933577,0.00452813817834019,0.577771889231892
"ENSG00000237949.1",0.0026339801381069,0.012878558418466,0.837943683761808
"ENSG00000108091.10",-0.012572584239693,0.00691382488068061,0.0689923034296019
"ENSG00000272914.1",0.00304195334176338,0.00410885991590272,0.459093716808183
"ENSG00000223834.2",0.00369650829124545,0.00489979828703818,0.450596763685371
"ENSG00000171307.18",-0.00680463835892996,0.0074900893077099,0.363621712738032
"ENSG00000171314.8",-0.00251793503463735,0.00603640792638043,0.67658717619956
"ENSG00000148834.12",0.0667392630576233,0.00867011317582313,1.38777878078145e-14
"ENSG00000148835.10",0.0118842752919898,0.008705106444414,0.172187889214877
"ENSG00000156650.12",-0.0102180840576571,0.0104434749577516,0.327867620859819
"ENSG00000148655.14",0.000197328388839365,0.00577519970061296,0.972742995395681
"ENSG00000166171.12",-0.018119816288961,0.00531723559159321,0.000655005735303638
"ENSG00000107882.11",0.0395999881810891,0.0129156729287539,0.002169132628974
"ENSG00000120055.7",0.0331571684683539,0.008859768749218,0.000182240784879606
"ENSG00000236552.2",0.008784395017525,0.00525965604010102,0.0948904236972113
"ENSG00000234026.1",-0.000108381114283326,0.00429889348414793,0.979886345614095
"ENSG00000223528.7",-0.00511240947468726,0.00344138249096815,0.137393288342227
"ENSG00000233547.1",-0.0165176032306081,0.00317571956550557,1.9798889838718e-07
"ENSG00000122862.4",-0.00231031960287731,0.0100567912266228,0.818303671525497
"ENSG00000198105.13",-0.0296015636604304,0.0154471732177129,0.0553257216385682
"ENSG00000075407.18",0.00995285800985282,0.0104395382668823,0.340397036556343
"ENSG00000265763.3",-0.00915066113218615,0.0143908637551845,0.524863757813683
"ENSG00000280913.2",-0.0291180479241497,0.00582040640904533,5.65177237898951e-07
"ENSG00000227560.1",-0.0145733599623572,0.00465847560197128,0.00175788425773038
"ENSG00000278601.1",0.00236790696139321,0.00429211229404536,0.581162114727068
"ENSG00000165511.6",0.0292675131149363,0.0059690438201904,9.42800572278912e-07
"ENSG00000107614.21",-0.00467635632369435,0.00374178024131053,0.211384395216162
"ENSG00000187164.19",0.007827383963591,0.00761385606080708,0.303928826634435
"ENSG00000119977.20",0.00237041196081807,0.00670773098651676,0.723799779752038
"ENSG00000251079.6",-0.0157218413580384,0.00389659664303931,5.46575938785709e-05
"ENSG00000204172.12",-0.0124295049138066,0.00391760770094765,0.00151013763918095
"ENSG00000276850.4",0.0266493790255237,0.00878925030803176,0.00242905134034577
"ENSG00000226964.1",-0.0119698660269393,0.00358253918880523,0.000834266643771731
"ENSG00000213513.3",-0.000478961077225439,0.0061404252986125,0.937827029079316
"ENSG00000188916.8",0.00682528315087452,0.00327349864726392,0.0370682337607856
"ENSG00000279982.1",-0.0030135290799349,0.00282881741268978,0.286741809560074
"ENSG00000176769.9",0.00029447661752185,0.00341219855538971,0.9312270340672
"ENSG00000277959.1",0.00210390581859199,0.00325653737739501,0.518243028290039
"ENSG00000173848.18",0.000323152126263867,0.00436223836884015,0.940947183789254
"ENSG00000237032.1",0.00280376252534695,0.00276061118862746,0.30980509841416
"ENSG00000272853.1",-0.00227969154481369,0.00484100885826748,0.637703226992769
"ENSG00000151468.10",-0.00720609038375525,0.00557768121380171,0.196374141480051
"ENSG00000065618.18",0.0187541841910859,0.00643082344309138,0.00354214363463201
"ENSG00000138347.15",0.00835519922438459,0.00472880704708563,0.0772495800883083
"ENSG00000096746.17",-0.0258558270324877,0.0122148523354994,0.0342808042737442
"ENSG00000148677.6",-0.000152493782374752,0.00386453819760702,0.968523828658157
"ENSG00000233871.2",0.00337904980430508,0.00472490873592146,0.474512265189411
"ENSG00000156113.22",0.00362398348062114,0.00851259048618427,0.670311590679459
"ENSG00000198060.9",-0.0179942243506452,0.010921154241358,0.099424804014919
"ENSG00000119938.8",0.0197815285410779,0.00683837262800201,0.0038191604411536
"ENSG00000107864.14",-0.0204958437765616,0.00868154956398222,0.0182330614719489
"ENSG00000224745.1",-0.00094490495688478,0.00501432199887072,0.850530789254578
"ENSG00000271933.1",0.00297135927865782,0.00552965737852531,0.591026137910903
"ENSG00000107562.16",-0.00619960879848613,0.00992145528489899,0.532057108854454
"ENSG00000221164.1",0.0103756783902184,0.00660381434890078,0.116144453496033
"ENSG00000225830.12",-0.00678245365907309,0.00690842421438916,0.326215309388037
"ENSG00000072401.14",0.0080841562347172,0.00930359144359884,0.384886211881801
"ENSG00000108175.16",-0.00308979356279732,0.00549702016902056,0.574057986127941
"ENSG00000263639.5",-0.15343777223227,0.00656748185574562,0
"ENSG00000204175.5",0.0247267673045588,0.00776433982198227,0.00144925147932939
"ENSG00000235939.1",0.0103340423848218,0.00538142240508558,0.0548177423420789
"ENSG00000283709.1",0.00428235919032652,0.00862448782789101,0.619517071408604
"ENSG00000198298.12",-0.00111324706718272,0.00840866356411396,0.894673557237613
"ENSG00000230555.2",0.00812326740262011,0.00485879193204953,0.0945500028910324
"ENSG00000095739.10",-0.00352044637189466,0.003813778050316,0.355962219514193
"ENSG00000236514.1",-0.0129640914220512,0.00758887840025292,0.08758043591889
"ENSG00000234393.1",-0.00517976766777737,0.00321820479076399,0.10750250254889
"ENSG00000095627.9",0.00619855152040646,0.00376563574304371,0.0997465330985551
"ENSG00000067082.14",-0.000893420354228418,0.00571654677006569,0.875807022264489
"ENSG00000230018.1",0.00575937078776767,0.00463024465041858,0.213551516425739
"ENSG00000138119.16",0.0170989893073034,0.00628535194571429,0.00651930171405479
"ENSG00000152804.10",0.000166716371366218,0.00723616150574696,0.981618894014684
"ENSG00000254635.5",0.0122718520111002,0.00545425728827943,0.0244515860612669
"ENSG00000273363.1",-0.0060179742615426,0.00477440818928889,0.207501678036363
"ENSG00000043591.5",-0.0118055733590285,0.00799583986110237,0.139819250071756
"ENSG00000138303.17",0.0152630050683842,0.00700898321064426,0.0294332438177891
"ENSG00000221817.9",-0.0112952254800321,0.010628343463407,0.287897325735027
"ENSG00000273599.1",0.0106045935185957,0.00453776009750854,0.0194409239099023
"ENSG00000282787.1",0.0120193910860918,0.00498508920969654,0.0159058649287134
"ENSG00000120053.10",0.0101751800438408,0.00752260818043721,0.176179194110494
"ENSG00000185267.9",0.000636825610565651,0.00670895786833672,0.9243770291753
"ENSG00000165983.14",-0.00623079025454043,0.0052144701608726,0.23212461472415
"ENSG00000198739.10",-0.00346534095589544,0.00635574918832914,0.585595792536196
"ENSG00000236426.5",0.00720890032012054,0.00485797553438518,0.137827236190844
"ENSG00000272817.1",0.00471992574409189,0.00553581905928806,0.393872503145285
"ENSG00000170759.10",0.0144735994188583,0.01050072450422,0.168097433440743
"ENSG00000107745.17",0.0235488748124381,0.00919656656459236,0.010448679719035
"ENSG00000283913.1",-0.0114133372722668,0.00342788156824606,0.000869833283459798
"ENSG00000275005.1",-0.00554845049671583,0.00357869176892131,0.121042403189697
"ENSG00000099251.14",0.0178667067139646,0.0126035437810908,0.156309363691607
"ENSG00000165672.6",0.00555083374659595,0.0146950755010612,0.705628000350703
"ENSG00000226808.1",-0.0183075708433042,0.00520556184570107,0.000436577042539632
"ENSG00000226318.1",-0.0049177894056481,0.00817824476913936,0.547623022809416
"ENSG00000178372.7",0.00828724686018431,0.00329931523410288,0.012011437161453
"ENSG00000152463.14",0.00574752770181908,0.00396699037057082,0.147382736868562
"ENSG00000181915.4",0.00175595002844913,0.00935177842899364,0.851059754424535
"ENSG00000274461.1",0.0155736125430233,0.0039509669998003,8.08987951720352e-05
"ENSG00000238258.1",-0.00458423900723304,0.00490855384033888,0.350340704719948
"ENSG00000107798.17",-0.01782888174368,0.00718581427594584,0.0130969545733005
"ENSG00000177234.7",0.00319723746291067,0.00367407918305944,0.384183121356831
"ENSG00000166317.11",0.000274945969242628,0.0108989960467434,0.979874120767074
"ENSG00000182333.14",0.00683642585397237,0.00334180972470154,0.040783371158838
"ENSG00000119986.6",0.00683710730242198,0.00507809636118408,0.17817619391049
"ENSG00000230928.1",0.00674366217631454,0.00476869116577377,0.157316783836472
"ENSG00000237523.1",0.011921457966695,0.00737356799808441,0.105925171892146
"ENSG00000261671.1",0.0327358427139242,0.00875247453892855,0.000183887476755351
"ENSG00000173124.14",-0.00595491236428364,0.00377344444089547,0.114540222096507
"ENSG00000171988.18",0.0251000365487407,0.012361183558073,0.0423003744485838
"ENSG00000272767.1",-0.00483663146341994,0.00506620347092609,0.339736717841224
"ENSG00000214655.10",-0.0479811877856359,0.0125103679548033,0.000125404043476052
"ENSG00000150347.14",0.0057461491362298,0.009716258647003,0.55425562748295
"ENSG00000122877.15",-0.00906657443354762,0.00947270723370201,0.338503659204043
"ENSG00000108176.14",-0.0205927754150187,0.00779954786484122,0.00828442890651748
"ENSG00000177791.11",0.00227691272054388,0.00725299907479159,0.753576432947536
"ENSG00000214626.2",0.00111138742130964,0.00672124068684207,0.868664961057382
"ENSG00000166507.17",0.0311505093841004,0.0183610542707756,0.0897811228705857
"ENSG00000079393.20",0.00884296388224931,0.00522729484975921,0.0907050428995576
"ENSG00000151208.16",-0.0073786926633143,0.00578831065050857,0.202395072526485
"ENSG00000099246.16",-0.0133771856160741,0.0103703953758766,0.197071564673245
"ENSG00000151025.9",-0.00312205561373139,0.00388357079783389,0.421446840491463
"ENSG00000148459.15",-0.0111517928379535,0.00511349109150001,0.0291939950849569
"ENSG00000230224.1",-0.0160346309326077,0.00679162974285167,0.0182286752103581
"ENSG00000075826.16",-0.00140611898144582,0.00379432088886127,0.710946543200832
"ENSG00000107651.12",-0.00637941792309223,0.00979980999285738,0.515063506966847
"ENSG00000230091.6",-0.000195321586494214,0.0036751400051587,0.957615017759885
"ENSG00000119922.9",-0.0218935631012074,0.00756907554793623,0.00382187240595833
"ENSG00000176273.14",-0.00513438533954918,0.00571382168721409,0.368870871768154
"ENSG00000185933.6",0.00900859392892044,0.00531850793898191,0.0902995348969658
"ENSG00000188373.4",-0.00649446913686637,0.00737950569461024,0.378822302912053
"ENSG00000148672.8",-0.00932567114520095,0.00831322538202526,0.261952862276007
"ENSG00000223482.7",-0.00548415588153931,0.00364109675292259,0.132020353738212
"ENSG00000188234.13",-0.0163793578907145,0.00279753702359906,4.77237205309677e-09
"ENSG00000228702.1",-0.0034233055391906,0.00683192395024851,0.616318418224058
"ENSG00000237840.6",0.0526908303070672,0.00624936383656561,0
"ENSG00000213412.3",0.014496556721297,0.00801433113314882,0.0704775317203024
"ENSG00000278831.1",-0.00428274594317104,0.00444944400406047,0.335780890190602
"ENSG00000065328.16",0.00370310191993401,0.00332405737618394,0.265266022356407
"ENSG00000180644.7",-0.00886852471235289,0.00436024026582083,0.0419563126449686
"ENSG00000238246.1",-0.000601517696864788,0.00553693609517454,0.913490187710746
"ENSG00000072422.16",-0.0204155008472061,0.00607538583159431,0.000778401675219142
"ENSG00000228748.2",-0.00483093735369104,0.00489745226872101,0.32392780723597
"ENSG00000270589.1",-0.0135712082349071,0.00557112725729849,0.0148511102098589
"ENSG00000234043.3",0.0045912640635836,0.00605602919150225,0.448372504130312
"ENSG00000186862.17",-0.00565860435558164,0.00773303613825958,0.464324711915584
"ENSG00000166272.16",-0.00980658476663376,0.00975649084523016,0.314832128093299
"ENSG00000151532.13",-0.0190351551570739,0.00653766081200278,0.003595648390609
"ENSG00000169129.14",0.000808438404700768,0.00731981464230891,0.912056306586503
"ENSG00000107518.16",0.0280226667302364,0.0112619343389915,0.0128368372974983
"ENSG00000227165.7",0.0215385327757839,0.00337211643037915,1.68901226338392e-10
"ENSG00000203805.10",-0.00604789812185665,0.00392306578156692,0.123164632997729
"ENSG00000107929.14",-0.0101924197131448,0.00793264175260925,0.198837438143687
"ENSG00000236493.2",-0.00156690328955178,0.00392663787094541,0.689860407224301
"ENSG00000059915.16",0.0012291973881119,0.00693064921630905,0.859228180858217
"ENSG00000107815.7",-0.015964322043428,0.00977844860033105,0.102552573186354
"ENSG00000213613.2",0.00202764901118484,0.00410769569895732,0.621573152953365
"ENSG00000196932.11",-0.010123423982064,0.00509238881371004,0.0468170107125988
"ENSG00000156574.9",-0.00247418632268159,0.00301049227121975,0.411159767627718
"ENSG00000171224.8",0.00558642165921276,0.00607058138322867,0.357444786900905
"ENSG00000107719.8",-0.0109670624867633,0.00554164437749906,0.0478129940879896
"ENSG00000127884.4",0.013195388707434,0.0106204986035338,0.21407230598153
"ENSG00000198546.14",0.00216222004807566,0.00822077240054443,0.792535867916005
"ENSG00000235010.1",-0.00298321293309709,0.00341863657553806,0.382863491628124
"ENSG00000235677.1",0.00426942185007148,0.00487875644607097,0.381517034345082
"ENSG00000165886.4",0.0237353171853658,0.00708324592241596,0.000805465745641776
"ENSG00000241935.8",0.0146916505795394,0.00616323502674038,0.0171369446635864
"ENSG00000229847.8",-0.00349610828171973,0.00520458195038964,0.50175138471645
"ENSG00000170370.11",-0.000632726098869572,0.00441704105474065,0.886095430355758
"ENSG00000107672.14",-0.0259587318437122,0.00613721743664554,2.33978882394625e-05
"ENSG00000062650.17",-0.00459426357472209,0.0114341082499339,0.687828719471566
"ENSG00000119917.13",-0.00651015242905423,0.00658265165254888,0.322669835198154
"ENSG00000095464.9",0.0122366901535402,0.00508801516987899,0.0161723468865985
"ENSG00000119969.14",0.00351381074267151,0.00640691344855446,0.583389481656331
"ENSG00000165887.11",0.00191920020512207,0.00462076145850826,0.67789094145678
"ENSG00000138107.12",0.087700528441374,0.0129745839686942,1.38554723250195e-11
"ENSG00000214413.7",-0.000285748965621943,0.00468567792478368,0.95137236228324
"ENSG00000119973.5",-0.0054757937957586,0.0046476134715733,0.238718974788621
"ENSG00000220842.6",-0.00360562960707484,0.0041952642329551,0.39009101098271
"ENSG00000180581.7",0.00442210872606869,0.00429174408507541,0.30283368559784
"ENSG00000237149.5",-0.010207268446524,0.0076179647992382,0.180279675885702
"ENSG00000204682.5",-0.00437771868480169,0.00859846963153798,0.610662748040793
"ENSG00000166024.13",0.00200169144151294,0.00605842547066625,0.74109927961462
"ENSG00000107443.15",0.00218866878201527,0.00708424500655029,0.757360497088491
"ENSG00000095713.13",-0.00547901192366984,0.00448588832400884,0.221939000415178
"ENSG00000119943.12",0.0363348840971443,0.0084851828628329,1.85090416758849e-05
"ENSG00000119915.4",-0.0145528110733743,0.00496642065317375,0.00338698846631624
"ENSG00000166167.17",0.0116779347729515,0.00948496977365058,0.218246495027905
"ENSG00000166136.15",0.0026470450338525,0.00975139487618573,0.786042671891657
"ENSG00000120049.18",-0.0323631643808943,0.00743021932549917,1.32694673310452e-05
"ENSG00000107862.4",2.84673987246443e-05,0.0158610815471637,0.998567961102368
"ENSG00000166169.16",-0.013389605539514,0.0119785326103177,0.263652357773589
"ENSG00000122870.11",-0.0308455035539521,0.00949905561432361,0.00116539123868398
"ENSG00000151553.14",0.0133204468145969,0.0126601475495251,0.292728105730562
"ENSG00000204147.9",-0.000204374724090041,0.0050933653606814,0.967992932439496
"ENSG00000229659.1",0.0114967400587902,0.00786253410301846,0.143681439906474
"ENSG00000156026.14",1.52106991626381e-05,0.0124051767272605,0.999021668191706
"ENSG00000122861.15",0.00340794507578887,0.00894636491344428,0.703254669346361
"ENSG00000224195.1",-0.0023159551234471,0.0109500107624852,0.832495147976008
"ENSG00000272589.1",0.010234384223279,0.0134491516360617,0.446675727722681
"ENSG00000235316.1",0.00493704173400705,0.0104199867594238,0.635638975077516
"ENSG00000170324.20",-0.00708523148582744,0.00653895870264951,0.278568251804483
"ENSG00000273030.1",-0.00279657063599839,0.00567183219450298,0.62196806854028
"ENSG00000108061.11",-0.0294269971110552,0.0102699766754982,0.0041655888392732
"ENSG00000173267.13",0.0114149949552575,0.00481351590207199,0.0177186164767326
"ENSG00000240089.2",-0.00402406540753867,0.00488883129122194,0.410443176506779
"ENSG00000057608.16",-0.0215528226315208,0.00586138775722707,0.000235914189468778
"ENSG00000138193.15",-0.00656740922119384,0.00639669794429744,0.304567681271822
"ENSG00000253626.3",-0.00139811282941215,0.00395742782604128,0.723872338645889
"ENSG00000213609.3",-0.010785287437817,0.00488729230618801,0.0273278809550679
"ENSG00000224758.1",-0.00153125579278052,0.00342281574116963,0.654609891202681
"ENSG00000188385.11",0.00550511906392728,0.0045577648799426,0.227103044341326
"ENSG00000156671.12",-0.00861408308064119,0.00996934279757809,0.387556432925175
"ENSG00000077327.15",0.0186163761467854,0.00875574083322798,0.0334873706989498
"ENSG00000148450.12",0.00376963398772932,0.0125438051565012,0.763782387777129
"ENSG00000120549.17",0.0301757866032735,0.0092952377393982,0.00116886567582886
"ENSG00000237489.3",-0.00520115670576925,0.00509823482407051,0.307639427002114
"ENSG00000235245.1",-0.00264889416062265,0.00662485449725231,0.689272995140309
"ENSG00000165828.14",-0.00456696469677913,0.0059803409766757,0.445068138704877
"ENSG00000130640.13",-0.00248252537578929,0.00643908467207174,0.699837299604738
"ENSG00000198408.13",-0.0170966935980541,0.0130187753228889,0.189104234500961
"ENSG00000138166.5",0.00803041161221272,0.00738956249859251,0.277159001767721
"ENSG00000122378.13",-0.00642682967032274,0.00571428948571997,0.260718534343004
"ENSG00000243660.9",-0.00182831139078292,0.00590188793226938,0.75672509856824
"ENSG00000165660.7",0.00268774413167747,0.00560326954092341,0.631459038411669
"ENSG00000205740.2",-0.00510408381973511,0.00442292411906971,0.248497444997573
"ENSG00000015171.19",0.0361306019984636,0.0208572429649438,0.083223574775962
"ENSG00000181800.5",-0.0151560385602182,0.00731164180969059,0.0381849449280417
"ENSG00000134453.15",0.00649283371434649,0.00663734904615714,0.32796209008745
"ENSG00000077150.18",-0.041386430349298,0.00871653945096936,2.0540296781224e-06
"ENSG00000198728.10",0.029297392383925,0.016734205644841,0.0799891695492837
"ENSG00000148795.6",0.00339911238297415,0.00503238922845433,0.499391791144021
"ENSG00000122958.14",-0.0011466366698074,0.00708564122357475,0.871443356528347
"ENSG00000138161.13",-0.00400991684301687,0.00578005174238851,0.487838358455676
"ENSG00000138162.18",-0.00511306701518246,0.00601574613436472,0.395354402147207
"ENSG00000235618.7",-0.0117948417771118,0.00484070880679451,0.0148263175919747
"ENSG00000185532.15",0.0273208942541159,0.0115510759611967,0.0180191173485174
"ENSG00000156384.14",0.0555040830290896,0.00850752074803095,6.8402061792483e-11
"ENSG00000228261.1",-0.00116980320452781,0.00743144032845426,0.874919592616844
"ENSG00000234699.1",0.0174269108755272,0.00662652654604403,0.00854172401877118
"ENSG00000059573.8",0.0164527072649354,0.00999471225205917,0.0997346990924632
"ENSG00000166189.7",0.0115741186125891,0.0156017729512519,0.458180422894655
"ENSG00000278518.1",-0.00246844272996573,0.00464167957920731,0.594864891408923
"ENSG00000230306.1",-0.00844122532168539,0.00459674298158891,0.0663060267830048
"ENSG00000234118.1",0.00150793486167288,0.00418712557583301,0.718745395705472
"ENSG00000276662.1",-0.0297254356159114,0.00876049713916302,0.000691008538447613
"ENSG00000273001.1",-0.00279154074499935,0.00540078666103635,0.605242238999721
"ENSG00000205488.8",0.00269078933819681,0.00372505941170056,0.47008052849719
"ENSG00000065675.14",0.00891140091501512,0.00351798189121477,0.0113058603580243
"ENSG00000270427.1",0.0130339193673481,0.00395213754393113,0.000973963406636247
"ENSG00000170525.19",0.0118439550087477,0.00417539454850595,0.00455956425703263
"ENSG00000197308.9",0.00824184325368572,0.00487800741724102,0.0911060003927091
"ENSG00000152465.17",0.030949367083863,0.00679030042281534,5.16728129384969e-06
"ENSG00000078403.16",0.0250384925715157,0.0109986851262383,0.0228161773460882
"ENSG00000165312.6",-0.012877005575713,0.00840333893659624,0.125431711174142
"ENSG00000151023.16",0.000899910332141794,0.00377023750657238,0.8113475466957
"ENSG00000237797.1",-0.010649003440325,0.00591090900584479,0.0716107645822671
"ENSG00000229644.6",0.00376471117292293,0.00635186186035735,0.553385877562753
"ENSG00000151963.4",-0.00422336733405749,0.00822813912130847,0.607753084735455
"ENSG00000225192.1",-0.00752493243581092,0.00655235608096486,0.250790456349973
"ENSG00000165507.8",-0.0380690592451423,0.00980965800517826,0.000104124847823073
"ENSG00000169813.16",0.00349795564602679,0.0150043842823707,0.81566131191064
"ENSG00000165406.15",0.0484126026661253,0.00720249115728958,1.79681824974409e-11
"ENSG00000165383.11",0.010615809808633,0.00627614113871375,0.0907499506610505
"ENSG00000270025.2",-0.013399318782992,0.00354926604495263,0.000159855914638296
"ENSG00000204149.10",-0.014413468993879,0.00557254251722448,0.0096951739131983
"ENSG00000235140.1",-0.0104274870458595,0.0050520203206329,0.0390155186882964
"ENSG00000148541.12",-0.000364024640329712,0.00895004650533135,0.967556640206756
"ENSG00000237233.2",0.00488042105794938,0.00412506639528915,0.236764233813078
"ENSG00000138311.15",0.0139211467840169,0.00652725028133949,0.0329433066454143
"ENSG00000107625.12",0.0132884024827694,0.0105549807201418,0.208041222551266
"ENSG00000176986.15",0.026505341923569,0.0137905768492712,0.0546070970307132
"ENSG00000172731.13",0.000460631788402116,0.00529490634018225,0.930675274592835
"ENSG00000166224.16",0.00477005909216852,0.00478135890077111,0.318455560484718
"ENSG00000197746.13",-0.00341388790698502,0.00795064375697049,0.667643000565071
"ENSG00000279406.1",-0.00305569773400969,0.00351030692053237,0.384031022464073
"ENSG00000198246.7",0.000748093355572141,0.00382375785753616,0.844889213123784
"ENSG00000214688.5",0.00314226111083674,0.00442732549404484,0.477863825325206
"ENSG00000182180.13",0.0140204688565687,0.0208464011590361,0.501226850770922
"ENSG00000268584.1",0.0171981425053826,0.0154035624900017,0.264206365332219
"ENSG00000165644.10",0.00349826171552784,0.0059023288740361,0.553387453889632
"ENSG00000273248.1",-0.00419227763526232,0.0050881782155414,0.409982129820755
"ENSG00000272692.1",-0.0170702670669575,0.00952284069182374,0.0730432440589318
"ENSG00000165637.13",0.00777366401409689,0.0163641158104063,0.634756091811363
"ENSG00000236467.8",0.00537525422904382,0.00598912707672805,0.369451044385378
"ENSG00000277981.1",0.00713286034378961,0.00445247282962031,0.109155665577123
"ENSG00000122852.14",0.0023674845810609,0.003649960385254,0.516575650915202
"ENSG00000272489.1",0.00177253905761813,0.00354227636031504,0.616796639770004
"ENSG00000122376.11",-0.00481228381620209,0.00793838469986248,0.544379024485888
"ENSG00000184923.12",0.00168416443499598,0.00289044781048561,0.560118452009951
"ENSG00000272734.1",-0.00851453325617075,0.00608660865515387,0.161844135064177
"ENSG00000214562.14",0.0020124856283464,0.00382564774073379,0.598852807327103
"ENSG00000165678.20",0.0113965875706995,0.0115016216050377,0.321750091711193
"ENSG00000107779.13",-0.00421008573843468,0.00494601767599461,0.394654277259237
"ENSG00000173239.13",0.000752331039582771,0.00509164955821714,0.882533898519938
"ENSG00000184719.11",-0.0120490932675091,0.00947155267159834,0.203325172077096
"ENSG00000152766.5",-0.0136202043074342,0.0048553968592019,0.00502903469024463
"ENSG00000171862.10",-0.030739411066089,0.00880528772023021,0.000481185236949844
"ENSG00000107789.15",-0.00219918600645196,0.00606904469327526,0.717082168367305
"ENSG00000107796.13",-0.0149430527696485,0.0138260823650211,0.279791785981227
"ENSG00000165338.16",-0.0363408660191136,0.012649736082131,0.00406779908522181
"ENSG00000148680.15",0.00122165039406339,0.00536493034166375,0.819871392596315
"ENSG00000232709.1",0.00115007517307901,0.00353460110296256,0.744896345110474
"ENSG00000174721.9",0.000830783253408081,0.00639722517969034,0.89667229507838
"ENSG00000138180.15",0.00275319966557118,0.00609908050696026,0.65169245471521
"ENSG00000138207.13",0.000200874190533458,0.00719156776852894,0.977716461541899
"ENSG00000180764.13",0.00729871756639513,0.00417431485600029,0.0803804680608625
"ENSG00000268894.6",-0.00543092638285922,0.00545486377482392,0.319438831142159
"ENSG00000188649.12",-0.0105995172584525,0.00637407563855869,0.0963303537941039
"ENSG00000236308.1",0.00972265557502625,0.0055016153836812,0.0771886274933956
"ENSG00000196072.11",0.00501497911699372,0.0071752800688142,0.484599208230494
"ENSG00000099194.5",-0.0101510491233416,0.00707752496597738,0.151496542249251
"ENSG00000107593.16",0.000569167784279975,0.0041450085032259,0.890782588330416
"ENSG00000075290.7",-0.00439679592407677,0.0061942054250852,0.477813258945305
"ENSG00000272572.1",-0.00484654581475611,0.00436903149873018,0.267302840846853
"ENSG00000120029.12",0.0123639495801572,0.00793756244238458,0.119316076540448
"ENSG00000173915.14",-0.0197987546593439,0.0104094710267274,0.057171898520148
"ENSG00000203886.4",0.00569579964063738,0.00532645196989974,0.284915520966974
"ENSG00000119953.12",0.0230860083234403,0.0103795894921368,0.0261367704517292
"ENSG00000203497.2",0.0102952599546865,0.00620652640145646,0.0971601939214003
"ENSG00000203876.9",-0.0119691773880306,0.00660082579751423,0.0697878993912637
"ENSG00000197893.13",0.00161969628365234,0.00412617386948219,0.694657831288345
"ENSG00000243316.7",-0.0203790525340475,0.00735669160292014,0.0056032510113474
"ENSG00000148735.14",-0.00462051674573328,0.00652856789894552,0.479107864529974
"ENSG00000198924.7",-0.00126007215833262,0.00754836173772291,0.867422612061574
"ENSG00000165669.13",-0.00535500549978887,0.00733985014006012,0.465647148027007
"ENSG00000213185.6",-0.00607440369144558,0.00304987194316906,0.0464049289331363
"ENSG00000230131.5",0.00579538903281445,0.00311921946979747,0.0631745114944386
"ENSG00000233334.3",-0.00772330609313036,0.00307343743495522,0.0119736075886786
"ENSG00000234134.1",-0.00030825020902531,0.00435870151849926,0.943620084843563
"ENSG00000019995.6",-0.00135317618039734,0.00747623847552054,0.856369989042918
"ENSG00000265354.3",-0.168109703374437,0.021155907686502,1.88737914186277e-15
"ENSG00000138172.10",-0.0319817560298576,0.0110176099028525,0.00369860106586684
"ENSG00000273312.2",-0.00401368613415724,0.00493980894799103,0.416494178167681
"ENSG00000107738.19",-0.00781468461606416,0.00808566014233234,0.333800598238711
"ENSG00000107863.17",0.00410731812150722,0.0106346552408173,0.699333633234893
"ENSG00000165443.11",-0.0101774062470235,0.00699147810803589,0.145479068142615
"ENSG00000107742.12",0.00742703145187294,0.00606935432497316,0.221067747324368
"ENSG00000172987.12",-0.00372619097693338,0.00797044602418218,0.640141522553686
"ENSG00000119912.15",0.0165519695817182,0.00999608917443752,0.0977533072967989
"ENSG00000180525.11",-0.0082380262752904,0.0101191783537509,0.415587486016736
"ENSG00000204033.9",-0.00757366873158691,0.00532568438419222,0.154996515975006
"ENSG00000169826.7",0.00772259274425574,0.00870068415748658,0.374764272855452
"ENSG00000166917.10",0.000451657119412107,0.00444722837637325,0.9191065364762
"ENSG00000200737.1",0.00632207633326652,0.00426381559926628,0.138146844512333
"ENSG00000261076.1",7.28756216243018e-05,0.00640961948561143,0.990928466075346
"ENSG00000236058.3",0.00381910433167809,0.00353680922073133,0.280223980465675
"ENSG00000171798.17",-0.00631650415805077,0.00762109508197353,0.407207150596074
"ENSG00000281974.1",0.00653507946483758,0.0048356937205753,0.17655919232155
"ENSG00000148737.16",0.00108619984864351,0.00727494918973451,0.881311499365007
"ENSG00000234814.8",-0.0131108192992327,0.00664527739463121,0.0485009289058206
"ENSG00000224596.7",0.0074329378286987,0.00378476752731052,0.0495406821535732
"ENSG00000239883.8",-0.089438783534607,0.0073388750072467,0
"ENSG00000280012.2",0.142973663857962,0.00574533335625703,0
"ENSG00000272631.1",0.00921394342041302,0.00692513715618612,0.183351283533984
"ENSG00000180066.9",0.00870580734502548,0.00398076694129179,0.0287449072768903
"ENSG00000180628.14",0.0147626208939991,0.0118011428405927,0.210953299567251
"ENSG00000148803.11",-4.32076619360091e-05,0.00572065390112685,0.993973696156453
"ENSG00000226009.1",-0.00536977758755011,0.00426537633793469,0.208058381494884
"ENSG00000150201.14",-0.00389031310635034,0.00367838746766249,0.290231578347145
"ENSG00000108021.19",0.0032486204320664,0.00617016756721403,0.598537789028829
"ENSG00000231104.8",-0.00401113570211713,0.00470489065145639,0.393911119648031
"ENSG00000273521.1",-0.00302233100894671,0.00258369591672372,0.242093378050047
"ENSG00000055950.16",-0.0107778175197722,0.0108318306122412,0.319729706113369
"ENSG00000198018.6",0.0034257798825608,0.00808924454738251,0.671931867709478
"ENSG00000283000.1",-0.00107868609232267,0.0114730621666455,0.925094045737751
"ENSG00000119929.12",-0.00527006178151908,0.00823885594388582,0.522394045531937
"ENSG00000107829.13",-0.0400992393071091,0.00904093168962872,9.19443945901488e-06
"ENSG00000151465.13",-0.0357930426038104,0.00902846206509593,7.35600298216177e-05
"ENSG00000168209.4",-0.0122666923795552,0.00772997368897976,0.112535378967878
"ENSG00000279088.1",0.0106517938329611,0.0191469802621116,0.577994052945249
"ENSG00000234335.1",0.00668659541646002,0.00590364971025259,0.25737360407977
"ENSG00000151650.7",0.00213336049650687,0.00576533583125218,0.711358421517994
"ENSG00000226699.1",0.0114153918634726,0.00371676528999136,0.00213111487103801
"ENSG00000107819.13",0.0111073387460109,0.0069029729358484,0.107601920381308
"ENSG00000231964.1",-0.0162089055144737,0.00842574591485064,0.054387760977015
"ENSG00000274008.1",0.00039292355693861,0.00383966062557179,0.918492452264608
"ENSG00000200170.1",-0.0082244447683187,0.00495184571046029,0.0967366060243405
"ENSG00000172650.13",-0.00611411278654703,0.00971456835294083,0.529103154494803
"ENSG00000099256.18",-0.00648231401924658,0.00816215779278639,0.427084121667664
"ENSG00000273336.1",0.00220299313859416,0.00362292072846258,0.543140365278228
"ENSG00000186188.10",0.00297018377902915,0.0058134953148192,0.609412767110291
"ENSG00000107566.13",0.0088699269571328,0.00949367635668994,0.35014997167739
"ENSG00000213341.10",0.0228621654955061,0.0153380005792606,0.136077817468233
"ENSG00000273476.1",0.00270839684978489,0.00476794892666534,0.570006220747965
"ENSG00000203867.7",-0.00369536990598792,0.00672872467354452,0.582872863316128
"ENSG00000165813.18",0.0102324256640276,0.00897686152991128,0.254341833909284
"ENSG00000173269.13",0.00232808409427381,0.00869376838171265,0.78886275187982
"ENSG00000237740.1",-0.00329433040607658,0.00403132751009188,0.41382412574659
"ENSG00000148671.13",-0.00343370531421036,0.00538520997036622,0.523722556507893
"ENSG00000227268.3",-0.00800793164266206,0.00536821879956269,0.135770008933121
"ENSG00000172671.19",-0.00600572027578152,0.00614478534921472,0.328386700626855
"ENSG00000225140.1",-0.00760347545391033,0.00509077124159866,0.135285361108581
"ENSG00000148634.15",0.0217925199808452,0.00974799806169883,0.0253786873598228
"ENSG00000120555.13",0.0124668325442254,0.0120041542318049,0.299017241895078
"ENSG00000078114.18",0.0045104759750029,0.00668644945918314,0.499949210951906
"ENSG00000095777.14",0.00334345775929147,0.00554649910108336,0.546638375913134
"ENSG00000233261.3",-0.0151926325256921,0.00505901365397477,0.00267260464408015
"ENSG00000128805.14",0.00212451321573992,0.00758424678166614,0.779384024016934
"ENSG00000279822.1",-0.00885386817587965,0.0061678942728493,0.151151319005266
"ENSG00000234311.1",-0.00575448404108689,0.00340755581680507,0.0912688034338305
"ENSG00000133678.13",-0.0118148860415069,0.0106333460391067,0.266518214317113
"ENSG00000148688.13",-0.00238980782141462,0.00827093359718502,0.772626898112945
"ENSG00000226688.6",-0.00745665446215838,0.00837245480950663,0.373134427414486
"ENSG00000155256.17",-0.0175224436802422,0.00878715165168523,0.0461413190927152
"ENSG00000155265.10",0.00237584620470707,0.0049941440506529,0.634269305414692
"ENSG00000014919.12",-0.00354597004611457,0.00795645441819093,0.655834093924754
"ENSG00000233690.1",-0.00649307063333848,0.00563894724289927,0.249539509911518
"ENSG00000119906.11",-0.0130430511764189,0.00732524615669532,0.0749841164313348
"ENSG00000148842.17",-0.0256453725500783,0.00792097877732703,0.00120517732188219
"ENSG00000188100.8",0.002495642602937,0.00406841106174221,0.539599008000612
"ENSG00000261011.1",-0.00399850974332665,0.00513685518158273,0.436335341758087
"ENSG00000265190.6",-0.0108174375204973,0.0149034349238589,0.467939811252744
"ENSG00000165733.7",-0.00854050854818344,0.0114159971235597,0.454389217528934
"ENSG00000224812.2",-0.00600155078976662,0.00511638858314371,0.24079369090992
"ENSG00000234420.7",-0.0131201903129411,0.0160454456413593,0.413534582681163
"ENSG00000165629.19",-0.00142754894500137,0.00875231886633351,0.870435585302232
"ENSG00000250959.2",0.0205412041924174,0.0103713874316118,0.0476401070608486
"ENSG00000166348.18",-0.022330746566601,0.0128346778792746,0.0818808134820321
"ENSG00000166343.9",-0.00981539829837771,0.0106942512050098,0.358713077572747
"ENSG00000272599.2",0.00221882305710626,0.0117695890009481,0.850467697663083
"ENSG00000156110.13",-0.0182335311873746,0.0142435070720968,0.200499654426256
"ENSG00000148660.20",0.0200177336299293,0.0201746258855543,0.3210886147229
"ENSG00000185875.12",-0.0154019648461678,0.0104806756209114,0.141681395338099
"ENSG00000155229.20",-0.0013270726377919,0.00523940002057692,0.800046334259872
"ENSG00000148798.10",-0.0108890795526013,0.00533013037686996,0.0410594367510639
"ENSG00000223820.5",-0.00578255395390047,0.00685746879347478,0.399089178707962
"ENSG00000148572.15",-0.00750368539511651,0.0116466428671526,0.51939464341289
"ENSG00000272892.1",0.0060531503654777,0.00887676325075263,0.495296094207374
"ENSG00000172586.7",0.0112955273074411,0.017079939354637,0.508398791352143
"ENSG00000279689.1",-0.00234639082710477,0.0123683352495024,0.849536767773064
"ENSG00000227382.1",-0.00752538424036265,0.00707172057905918,0.287259934405794
"ENSG00000122882.10",0.0129037138434003,0.0133034425537356,0.332069926502357
"ENSG00000189180.15",0.0113908707527746,0.0152602995482474,0.455402741676562
"ENSG00000228828.1",-0.00548911309148617,0.00710054173979544,0.439489514887352
"ENSG00000148840.10",-0.0340395779394039,0.0192677828319534,0.0772855624702155
"ENSG00000122884.12",-0.00670734700436789,0.0143286007774766,0.639706642344024
"ENSG00000107872.12",0.000191756934717501,0.0120380449309956,0.987290840964944
"ENSG00000138279.15",-0.00868269748389702,0.0218933972260601,0.691669993766699
"ENSG00000270808.1",0.00215667328876471,0.00613280960802862,0.725092104898423
"ENSG00000095564.13",0.0137435531088468,0.0184077142167369,0.455293447283268
"ENSG00000166197.16",0.0137260267475936,0.0246986759263315,0.578389034332155
