"causal_effect","causal_pvalue","pleiotropy_effect","pleiotropy_pvalue","sigma_cisSNP","sigma_error_1","sigma_error_2","gene","Chromosome","ENSEMBL"
0.00116035438255533,0.333233302776939,-0.000160251305241489,0.532326916597056,0.046159071609813,0.0830967545712458,0.99999630155456,"ENSG00000151849.14",13,"ENSG00000151849"
-0.00134306248729112,0.353320554295697,0.000148739074435788,0.61195018851034,0.0422647438515764,0.34999233957984,0.999997278662487,"ENSG00000260509.2",13,"ENSG00000260509"
-0.00109166915817279,0.533087724030228,-0.000447114421141541,0.270539380466288,0.0549774143220118,0.499797503994795,0.999995710023176,"ENSG00000205822.10",13,"ENSG00000205822"
0.00162868162209355,0.340750796365823,0.000583804032125281,0.0911268810824163,0.0427203385088609,0.511457772906008,0.999994066444477,"ENSG00000232977.6",13,"ENSG00000232977"
0.00019463113040564,0.890037167346574,0.000371962696223621,0.428688858205823,0.111504526644798,0.123783463431091,0.999997302108879,"ENSG00000152749.7",13,"ENSG00000152749"
0.000153065378695958,0.91155639312955,0.000436502020563368,0.198538033170716,0.0608620159743409,0.0561840570999328,0.999995288471402,"ENSG00000102595.19",13,"ENSG00000102595"
-0.00210654214536202,0.159670350318398,-1.48008342087451e-05,0.958855279954259,0.040387634647978,0.349971357774916,0.999995450125789,"ENSG00000134873.9",13,"ENSG00000134873"
0.00230578840370524,0.129938139515605,-0.00013414085678478,0.666743989993209,0.0439039980462469,0.226458818222025,0.99999513899826,"ENSG00000247400.3",13,"ENSG00000247400"
-1.93864950244489e-05,0.986121063288993,-0.000220342018722467,0.361032117950126,0.0480113016354696,0.142495678857555,0.999997463819547,"ENSG00000102547.18",13,"ENSG00000102547"
-0.00187691923458022,0.240305298130597,-0.000471819662486751,0.147679898007539,0.0454018240084785,0.383335232378608,0.999994621766646,"ENSG00000136169.16",13,"ENSG00000136169"
-0.000694483800446499,0.6181585816384,0.000454215319053881,0.075871959498085,0.0358431692446204,0.270496221024746,0.999993175934151,"ENSG00000277684.1",13,"ENSG00000277684"
0.00063402097581977,0.587061895320906,0.000475046165934757,0.047296329194344,0.0425866256962703,0.0550729894638974,0.999992736120215,"ENSG00000235205.1",13,"ENSG00000235205"
-0.00202938459021055,0.127545384117324,0.000234688939602136,0.365733534960671,0.038488289403969,0.195458192561367,0.999992869885929,"ENSG00000275880.1",13,"ENSG00000275880"
-0.00230881672422923,0.0500729949190245,-2.79186680797162e-05,0.911265828951276,0.0452433900182256,0.0268850311995624,0.999993333353206,"ENSG00000250878.3",13,"ENSG00000250878"
-0.00136993470222481,0.353334298650616,0.000480286402366713,0.176231241979805,0.0590210617747148,0.371357328169587,0.99999462711267,"ENSG00000102710.19",13,"ENSG00000102710"
-0.00015042360701635,0.90940977164287,5.02897676993097e-05,0.857652005579087,0.0459663585505319,0.158082719276693,0.999998550288364,"ENSG00000133101.9",13,"ENSG00000133101"
-0.000567373851868799,0.689398447196409,0.00141455971733139,0.15789105735133,0.497719365353909,0.00480611882304994,0.999995571054946,"ENSG00000120669.15",13,"ENSG00000120669"
0.000588926768576049,0.749966278382267,-0.000152373477811271,0.658616312778853,0.0358691905184654,0.445053082785094,0.999998335923596,"ENSG00000226161.1",13,"ENSG00000226161"
-0.00360266109996206,0.0565243953120212,-0.000447490049574838,0.299513175975707,0.0515112576925342,0.590991743427407,0.999993041495542,"ENSG00000205861.11",13,"ENSG00000205861"
0.00160332063409323,0.444456595857215,0.000551113935605761,0.193897280732295,0.0434115804685844,0.603328976190362,0.999996132532047,"ENSG00000228741.2",13,"ENSG00000228741"
-0.0015219475969554,0.389253174978123,-0.000229496670403342,0.420800962551533,0.0282489057363957,0.423326826961474,0.999995698602872,"ENSG00000151846.8",13,"ENSG00000151846"
0.00172820347460661,0.458033517171208,0.000382940411243135,0.362246889693849,0.0357434155007541,0.607460656934277,0.999997256037535,"ENSG00000277246.1",13,"ENSG00000277246"
-0.000675837967835993,0.5770324950704,0.000232186806518164,0.378567748500552,0.0483320120422123,0.187105359789742,0.999996966402481,"ENSG00000083642.18",13,"ENSG00000083642"
0.00236785417174595,0.176551383351424,0.000638067845768308,0.0450952483437961,0.03493207379498,0.470747048977005,0.999992377600709,"ENSG00000169508.6",13,"ENSG00000169508"
0.00044406834259328,0.783776205110945,0.000262614302270995,0.504242477315451,0.0597462160949301,0.452401517708446,0.999997951554951,"ENSG00000260992.1",13,"ENSG00000260992"
0.000161201405918482,0.916256854789949,-0.000110684846034729,0.724073344800059,0.0449761494472518,0.360608222532001,0.999998438256492,"ENSG00000203441.2",13,"ENSG00000203441"
-0.00075071842875954,0.495136129240122,-8.76584488449313e-05,0.71574543639572,0.0482671009952983,0.0871834923268524,0.999997857898709,"ENSG00000229715.4",13,"ENSG00000229715"
-0.0022615096543165,0.0696647649522649,0.000451077889709748,0.0589665299734357,0.0367515413523212,0.00648349276881565,0.999991505783695,"ENSG00000279499.1",13,"ENSG00000279499"
0.000980856558278952,0.430122810148614,-4.26001811157967e-06,0.987266980616071,0.0467972002363147,0.170901440491255,0.999997729865152,"ENSG00000150456.10",13,"ENSG00000150456"
9.51953835214423e-07,0.999442082809791,7.35551793048853e-05,0.761198309258389,0.0343263400881254,0.136570082852937,0.999998489028955,"ENSG00000226525.5",13,"ENSG00000226525"
0.000165418896896441,0.955161088579527,-0.000604314411602815,0.304572939801623,0.0455642563386117,0.597614643670416,0.9999955830387,"ENSG00000165487.13",13,"ENSG00000165487"
0.00161740501145563,0.136732659120168,-0.000274766960263317,0.216841409614821,0.0419748206765278,0.00761629063826538,0.999993872363015,"ENSG00000261728.1",13,"ENSG00000261728"
0.00263983073038608,0.0299295730715488,2.09064756941153e-05,0.938258698248435,0.049715165589202,0.0735592719820647,0.999992060741527,"ENSG00000231817.7",13,"ENSG00000231817"
-0.00109258929668938,0.344937900011104,-0.000196038691046566,0.362657607730533,0.0349788498428219,0.0536903773280857,0.999995969228956,"ENSG00000274898.1",13,"ENSG00000274898"
-0.000914452022165925,0.442006101411185,1.62669649216783e-05,0.966943557034242,0.108935244108586,0.00311341150379121,0.999997793994955,"ENSG00000227676.3",13,"ENSG00000227676"
-0.000965846909512791,0.317233673942471,0.000102827928328895,0.662704813947013,0.0606670576820689,0.0811052950337551,0.999996826354395,"ENSG00000152193.7",13,"ENSG00000152193"
-0.0019628107438424,0.267656508594759,-0.000157242832224888,0.643899221941141,0.0392626463431812,0.524732260977808,0.999996481986858,"ENSG00000224429.7",13,"ENSG00000224429"
-0.000917508636055671,0.445334662942244,0.000600226572277664,0.0305037070320447,0.0534710883241504,0.0275903911723559,0.999992175643124,"ENSG00000132953.16",13,"ENSG00000132953"
5.08554534722451e-05,0.967081197257013,0.000250358677332799,0.333115208009099,0.0449782221573195,0.121944410010352,0.999997289075952,"ENSG00000073910.19",13,"ENSG00000073910"
0.00199395054651766,0.130150946264997,5.5999923749715e-06,0.983096959771547,0.0413520957408446,0.232213372424742,0.99999532543152,"ENSG00000275248.1",13,"ENSG00000275248"
-6.26523677364527e-05,0.964724065052808,-0.000274781345614086,0.27449330351483,0.0323993478298008,0.260715587107719,0.999996946012163,"ENSG00000274718.1",13,"ENSG00000274718"
-0.00121192912903006,0.381302575382536,-0.000840379684834922,0.0184784478070175,0.0680689424238628,0.217054067403133,0.999990931117487,"ENSG00000136108.14",13,"ENSG00000136108"
0.00200068309510991,0.162639421857761,0.000228154217821051,0.523218030389789,0.0638911525820738,0.340625593772319,0.999995553951169,"ENSG00000253710.2",13,"ENSG00000253710"
-0.00230845109073326,0.049802300001214,0.000105121483149104,0.662681724745658,0.0427142936662454,0.118155050580316,0.999992665753691,"ENSG00000121742.16",13,"ENSG00000121742"
0.00111731253665619,0.464980530234674,-0.000180832889199899,0.502266146331968,0.0320443442686917,0.36465010341887,0.999997201484369,"ENSG00000196199.13",13,"ENSG00000196199"
-0.00431436091933219,0.0066222969419732,2.10937696223738e-05,0.936921513286258,0.0301768230297586,0.345543960781924,0.999987396166846,"ENSG00000132950.18",13,"ENSG00000132950"
0.000827548097920756,0.566620107492932,0.00106043564144629,0.00195951661594867,0.0564875039800787,0.043666751462968,0.999981405656081,"ENSG00000165474.5",13,"ENSG00000165474"
0.00044625822084624,0.762014143370656,0.000525120604860486,0.0633553655829938,0.0375041104386839,0.370796337975799,0.999993189977825,"ENSG00000179141.9",13,"ENSG00000179141"
-0.00176496445662328,0.185366036278528,7.80024188107914e-05,0.750997957297346,0.0346211746789994,0.157435634161667,0.99999562023732,"ENSG00000224511.1",13,"ENSG00000224511"
0.000169607052889289,0.887036573705147,-9.50487511636191e-07,0.996823319468974,0.0397689282595568,0.0108792219729939,0.999998593961878,"ENSG00000213995.11",13,"ENSG00000213995"
-0.00139903183247562,0.506283115289763,0.000318554464273234,0.467871240930753,0.0443513715311176,0.603028527915602,0.999996189536205,"ENSG00000102683.7",13,"ENSG00000102683"
0.000733588875352486,0.55906391539986,0.000281476577675046,0.359908702634285,0.0602217286921292,0.0726128258132034,0.999997324068336,"ENSG00000229246.1",13,"ENSG00000229246"
-0.000926168638120958,0.442606156805293,0.000179962504654639,0.417871963292241,0.0340731769272196,0.0274585251568124,0.999996786617344,"ENSG00000215417.12",13,"ENSG00000215417"
0.00143521066848739,0.239063189229282,0.000182925774572418,0.445768567344172,0.0395467831484112,0.102899948623349,0.999996004167724,"ENSG00000165480.15",13,"ENSG00000165480"
0.000311028339885372,0.861648714188677,0.00047125159520743,0.229056292812448,0.0489725771894498,0.542485370267251,0.999996546993243,"ENSG00000180776.15",13,"ENSG00000180776"
0.000731919305633897,0.532778636853194,-0.000104938423768148,0.696591964457042,0.0531620874996496,0.128405741861166,0.99999787111789,"ENSG00000184226.14",13,"ENSG00000184226"
-0.00153536394381369,0.174940303305751,0.000354931897613989,0.16066399926408,0.05003942010061,0.0209372855495477,0.999992447065836,"ENSG00000120662.15",13,"ENSG00000120662"
0.0034245612034421,0.0133166153489084,-0.000217346653068261,0.561372674620322,0.0729673667718194,0.310103057831738,0.999989857842294,"ENSG00000240654.6",13,"ENSG00000240654"
-0.00129303108012238,0.40176371814101,0.000183861288160431,0.559806258017212,0.0433384627783225,0.428348739251144,0.999997012546429,"ENSG00000226352.2",13,"ENSG00000226352"
0.0021997887652223,0.274247253426595,-0.000105583534980101,0.80683018078686,0.0475448061123482,0.611732418430408,0.999996491856357,"ENSG00000262619.1",13,"ENSG00000262619"
0.00240746891914426,0.13529719078673,2.555328909462e-05,0.94963598901617,0.063352886000746,0.413713570658815,0.999995379769635,"ENSG00000277863.1",13,"ENSG00000277863"
-0.00163345922770656,0.396163883859732,0.000211251180707202,0.550248156625553,0.0356276575558749,0.560508195383689,0.99999653180447,"ENSG00000136149.6",13,"ENSG00000136149"
-0.0027759926738779,0.0170965001016712,0.000156013612770092,0.597534417768749,0.065222320577783,0.0686835436018152,0.999990591259994,"ENSG00000123201.14",13,"ENSG00000123201"
0.00225611442026702,0.0577260508366246,-0.000247997667808634,0.263065413931277,0.0348669720457214,0.0126357254018468,0.999993059927244,"ENSG00000281106.2",13,"ENSG00000281106"
-0.00110139180779909,0.532858647491465,0.00112535345417179,0.00449108043578981,0.0536482393603349,0.402649329991591,0.999986078627508,"ENSG00000150510.16",13,"ENSG00000150510"
-0.00184763634520986,0.209096393485113,-0.00014546662046802,0.627720827559028,0.0426211298504071,0.326941427424847,0.999996310862551,"ENSG00000236581.8",13,"ENSG00000236581"
0.000471191029964733,0.715967206652073,-0.000204903688772068,0.424664853767585,0.040304235162535,0.179946595165828,0.999997496048907,"ENSG00000136141.14",13,"ENSG00000136141"
-0.00117128621716736,0.555081122604957,0.000263759315231439,0.472700258074156,0.0357062786047224,0.351279512626756,0.999997850907301,"ENSG00000188342.11",13,"ENSG00000188342"
-0.000464750166879361,0.791923860701823,-0.000286042035859283,0.324571856214705,0.0292230405048204,0.383088832556869,0.999997207243382,"ENSG00000139514.12",13,"ENSG00000139514"
-0.000479795467662761,0.767361934351221,-0.00100862655887394,0.00683307034756801,0.0557265958503649,0.463263327359792,0.999988109279075,"ENSG00000238121.5",13,"ENSG00000238121"
0.0025136048277826,0.0514574008117197,0.000635736810778596,0.025898116790605,0.0500090589820812,0.231245475844171,0.999986721096549,"ENSG00000132963.7",13,"ENSG00000132963"
0.000799974842407467,0.516917541223694,-0.000307610068177506,0.190064211909992,0.0363932743164326,0.0257034441895017,0.999995762284809,"ENSG00000102524.11",13,"ENSG00000102524"
-5.04954502640297e-06,0.997351345619439,-0.000139779687746578,0.638081456983048,0.0423174696269317,0.359699187169533,0.999998293201842,"ENSG00000187676.7",13,"ENSG00000187676"
-0.000141395423750396,0.918904384794748,-5.73547853225636e-05,0.837422614107888,0.0427040438428504,0.283902727615591,0.999998540916552,"ENSG00000120694.19",13,"ENSG00000120694"
0.00177563893209534,0.394209208978263,-0.000150699532481129,0.725932834180384,0.0449970735421935,0.601377574015773,0.999996742397486,"ENSG00000213411.2",13,"ENSG00000213411"
-0.000866071667819377,0.516333649729387,0.000275317203964365,0.285097972932503,0.0380309304754437,0.20777727651134,0.999996644993934,"ENSG00000139508.14",13,"ENSG00000139508"
0.00463946578864317,0.00303522070474945,0.000349156673751368,0.20868717493347,0.0335194367870143,0.333029832519057,0.999985127501042,"ENSG00000150907.7",13,"ENSG00000150907"
0.00498027557151654,0.000314862747701618,6.87551697530537e-05,0.764346637915306,0.0313927619409576,0.292427436185263,0.999977648189834,"ENSG00000139668.8",13,"ENSG00000139668"
-0.000933730362285433,0.471295145656923,0.000187881557472267,0.426980750354021,0.0347149525708652,0.132412579319883,0.999997186358488,"ENSG00000122035.6",13,"ENSG00000122035"
0.000646953033659474,0.680618606910908,0.00019946022824289,0.63330995559128,0.0726738626041321,0.433290215793063,0.999998131372151,"ENSG00000165556.9",13,"ENSG00000165556"
0.000489212041692521,0.693680242499992,-0.000200873516127794,0.401568736087596,0.0386620381507535,0.128494092087728,0.999997418212687,"ENSG00000122026.10",13,"ENSG00000122026"
-0.000960763251301979,0.595751008881387,2.03010266895804e-05,0.949772660100699,0.0345809812723695,0.524565111555959,0.999998193843625,"ENSG00000088387.18",13,"ENSG00000088387"
0.000488919505058371,0.682792222876582,-0.000339290508053121,0.167845076027143,0.0430152386807131,0.136712912776433,0.999995909066935,"ENSG00000224418.1",13,"ENSG00000224418"
0.000310476032468291,0.805626137924909,-0.000400077616559543,0.163132282933062,0.0528420684748087,0.217432388937092,0.999995693563812,"ENSG00000122025.14",13,"ENSG00000122025"
-0.000239885840397931,0.914098503096761,-1.25728040121577e-05,0.980160343536549,0.052485486530868,0.526371642270639,0.99999858851032,"ENSG00000186184.16",13,"ENSG00000186184"
0.0031570984712954,0.0147408961277026,0.000575378666009871,0.0137112558014981,0.0340718150467263,0.138250994490132,0.999983829031658,"ENSG00000228444.2",13,"ENSG00000228444"
0.00093532571172362,0.441766857687083,-0.000218670821721866,0.651904163914873,0.158988523900535,0.00902954720825793,0.999997654687941,"ENSG00000227354.6",13,"ENSG00000227354"
-0.00150773309575053,0.262376159281615,1.62275380214084e-05,0.953073681773061,0.0434539667616593,0.218395576970581,0.999996704309253,"ENSG00000152520.13",13,"ENSG00000152520"
0.00149469247991164,0.229836512272047,-0.00023683148347715,0.323049068319982,0.0376702657592109,0.0666226476744349,0.999995375885691,"ENSG00000126216.13",13,"ENSG00000126216"
-0.00406258186797688,0.0221908017527925,-0.000233330593203449,0.483334591572264,0.0350353191479721,0.533455067354784,0.999990905152875,"ENSG00000186009.4",13,"ENSG00000186009"
0.00269633992457825,0.0298419588127452,-4.7416809451011e-05,0.839987303427938,0.0362702254033001,0.115057436516612,0.999991090091436,"ENSG00000136099.13",13,"ENSG00000136099"
-0.000264448006720948,0.81243451698496,-0.000100345269151727,0.675768400002219,0.0465271237497941,0.0211081962034615,0.999998322096365,"ENSG00000165621.8",13,"ENSG00000165621"
0.00300888098153117,0.0953082524112741,0.000511926840990359,0.197504140567106,0.0501607930784764,0.55400435053563,0.999991578616686,"ENSG00000232814.2",13,"ENSG00000232814"
0.00127341000008841,0.515119553824485,0.000132067706740227,0.793002801773197,0.0671024993661896,0.566291820476854,0.999998026485021,"ENSG00000057593.13",13,"ENSG00000057593"
0.00060145225289614,0.630725570480092,-8.6362927815725e-05,0.732422096401651,0.0414202566435058,0.111123797017843,0.999998065576756,"ENSG00000068650.18",13,"ENSG00000068650"
-0.00256323321907248,0.0482952941458994,-8.02125430361312e-05,0.75404530420097,0.04009964004499,0.122517949584886,0.999993053204925,"ENSG00000136122.15",13,"ENSG00000136122"
0.00185230244445541,0.260516692536188,0.000121308293461141,0.685002868637696,0.0359853425748994,0.353637454251297,0.999996695544875,"ENSG00000204899.5",13,"ENSG00000204899"
0.00225442360462913,0.0503516148385534,0.000105504519188536,0.639067829913979,0.0395000661605242,0.131796697563276,0.999992281035765,"ENSG00000231665.1",13,"ENSG00000231665"
0.00167537930782842,0.316824785285536,-0.000478162644231787,0.182464884823606,0.0483338994243593,0.476656953956943,0.999994085437926,"ENSG00000139687.13",13,"ENSG00000139687"
-0.00384533107645633,0.00446898637100186,8.54053109463541e-05,0.683380916130772,0.0247466404201828,0.151369390225223,0.999986342773324,"ENSG00000238086.5",13,"ENSG00000238086"
0.00253652869361838,0.079698324535347,0.000477389448179671,0.0587640858419187,0.0331394320767893,0.334242416562991,0.999989957139885,"ENSG00000225131.2",13,"ENSG00000225131"
-0.000552672383643949,0.672131673823615,-6.64852381144417e-05,0.799998759864208,0.0412225352000389,0.130384884543673,0.999998293284582,"ENSG00000261485.1",13,"ENSG00000261485"
-0.0009822637906953,0.51995858776677,-0.000386968464939461,0.201778923032888,0.0401529668451806,0.259992348974538,0.999996363670962,"ENSG00000122033.14",13,"ENSG00000122033"
0.000743601125588692,0.566896669527471,0.00045460027639295,0.0979962403436421,0.0454332319097311,0.0713017821642441,0.999994840258504,"ENSG00000238286.1",13,"ENSG00000238286"
0.00105531838330986,0.329651636052597,-0.000308652319644651,0.173646221840693,0.0441163982887559,0.0361255537544045,0.999994362516101,"ENSG00000102780.16",13,"ENSG00000102780"
0.00109456879567643,0.448081954293521,0.0002316246400141,0.345981920884699,0.0310826063547442,0.27079023531364,0.999996353576336,"ENSG00000275294.4",13,"ENSG00000275294"
0.00274913158055624,0.0965781687213628,-0.0012667121597632,0.00779991775152,0.0849360032638559,0.301950159369062,0.999988522919394,"ENSG00000080166.15",13,"ENSG00000080166"
-0.000595981584876991,0.597701863332226,9.32122898616222e-05,0.695079649115204,0.0450647256134008,0.0511219978204017,0.999998102599925,"ENSG00000102738.7",13,"ENSG00000102738"
0.000644204098923228,0.597102721919635,0.000404317133965179,0.157482914819824,0.0559950463555859,0.172133623146578,0.999995827403186,"ENSG00000125246.15",13,"ENSG00000125246"
0.000406741388415185,0.755983414798138,0.000215857091911251,0.42347337758792,0.0441716896567457,0.214103020976513,0.999997555372401,"ENSG00000169062.14",13,"ENSG00000169062"
0.000380687821631812,0.78649408374949,7.87141438592409e-05,0.801954795451132,0.0509527805241425,0.266712411563331,0.999998425428509,"ENSG00000130177.14",13,"ENSG00000130177"
-0.000386611811790238,0.778202066357593,-0.000134732251143715,0.627914004373134,0.0418904019549341,0.214526295937231,0.999997938970777,"ENSG00000260615.1",13,"ENSG00000260615"
-0.00329459840817001,0.0024778032665164,-0.00011478489766328,0.62025051758033,0.0453219295366053,0.0202587863393029,0.999985012087236,"ENSG00000244754.8",13,"ENSG00000244754"
-0.000109524581925655,0.946285067630592,-0.00024315383958471,0.408304889120375,0.0340470236407211,0.425173454317476,0.999997683164967,"ENSG00000281026.1",13,"ENSG00000281026"
0.003252039946312,0.038947597348368,-0.000426285202403327,0.161033925793374,0.0399962794965584,0.289150313407698,0.999991821087167,"ENSG00000123200.16",13,"ENSG00000123200"
0.000125919627073641,0.91810416639061,0.000281517494955913,0.236618357321428,0.038198075109979,0.0948759583336064,0.999996468443943,"ENSG00000280169.1",13,"ENSG00000280169"
0.00194646455088444,0.221405139675009,0.00045260533424893,0.0815769588009921,0.0287346269626911,0.395189320434969,0.999991154883525,"ENSG00000175198.15",13,"ENSG00000175198"
-0.00102976266054438,0.574035552497068,6.66526993733361e-05,0.863413427890859,0.0458593857091368,0.561701041162582,0.999998176411939,"ENSG00000229558.2",13,"ENSG00000229558"
-0.00175674423460123,0.192659275146763,0.000842587918412167,5.11098430795384e-05,0.0270745789349162,0.332896774994695,0.999974149123577,"ENSG00000274270.1",13,"ENSG00000274270"
-0.00431112249548421,0.00100168185435294,3.88955150143222e-05,0.883692194631198,0.0446441911478046,0.193469095356854,0.999981520991991,"ENSG00000136147.17",13,"ENSG00000136147"
-0.0020371449809624,0.0508001763646132,-1.46989790486375e-06,0.995535539834664,0.0636627207045724,0.0206003693540551,0.999993341257267,"ENSG00000102543.14",13,"ENSG00000102543"
-0.00313533250387468,0.0493069764778934,0.000272781316964964,0.328846527391382,0.0320251159499993,0.416883537183118,0.999991371415993,"ENSG00000121741.16",13,"ENSG00000121741"
-0.00375494711886964,0.00788747037281088,3.55203787669112e-05,0.887495884207106,0.0320254670725321,0.199690951186847,0.999987706770662,"ENSG00000214263.2",13,"ENSG00000214263"
0.00108735949884414,0.385696942745045,-0.000465766659186814,0.0774062013862627,0.0449835715148191,0.0831410207522657,0.999992784205389,"ENSG00000235903.7",13,"ENSG00000235903"
-0.00114360675471017,0.43373954185725,0.000821264634173614,0.0052613282562988,0.0422172977310544,0.23820194202313,0.999987667332457,"ENSG00000102445.18",13,"ENSG00000102445"
0.00398997246270606,0.00166403888444572,5.16593524114652e-05,0.814079408325696,0.0303386339016258,0.106069470559095,0.999982355382411,"ENSG00000102466.15",13,"ENSG00000102466"
-0.00129705102143674,0.168821105736066,0.000331910412931312,0.14531974024328,0.0587049707634122,0.0254164826069261,0.999993757326169,"ENSG00000274351.1",13,"ENSG00000274351"
-0.000938178934258362,0.487531868898576,-0.00131764114726147,0.0204100851707319,0.178677760224238,0.107310814878644,0.999991155478264,"ENSG00000275202.1",13,"ENSG00000275202"
0.00203923905253087,0.062050208201501,0.000348873913700152,0.11279732888483,0.0407476994841888,0.0201881368568703,0.999989019960116,"ENSG00000204977.9",13,"ENSG00000204977"
-0.00364781852090877,0.00435910847796813,-0.000224718251315538,0.546808977341498,0.0860629602407673,0.16637174687835,0.999986530933746,"ENSG00000123179.13",13,"ENSG00000123179"
-5.46607856562804e-05,0.955166187094733,0.000249394531455737,0.244935780568048,0.0487271505452612,0.0112672707099602,0.999996743416655,"ENSG00000278156.1",13,"ENSG00000278156"
-0.0014429989109381,0.369327059978067,-0.00023819411977079,0.286782185394881,0.0214174131646712,0.296413895670231,0.999994772437648,"ENSG00000133112.16",13,"ENSG00000133112"
0.00076712117389439,0.608851798295659,-0.000366761382503471,0.193106312557144,0.0372276087952687,0.327618503260782,0.999996176235359,"ENSG00000136156.12",13,"ENSG00000136156"
0.000814555050697933,0.489156878874023,0.000208261636802024,0.431805512016204,0.0510485992945582,0.0718164254633697,0.99999637168204,"ENSG00000236577.1",13,"ENSG00000236577"
0.000991621988518624,0.541845376283515,0.00064323781728309,0.0110289500252619,0.027638455119746,0.504701082299643,0.999988319656474,"ENSG00000152207.7",13,"ENSG00000152207"
0.00286572610420306,0.103854157530144,-0.000175022489422208,0.556498223387149,0.0301371721983731,0.488953643650812,0.999993908035854,"ENSG00000184497.12",13,"ENSG00000184497"
-0.00267191150435227,0.0431380979678192,0.000360828715015238,0.163796483662571,0.039325665965875,0.206041307180025,0.999988969521129,"ENSG00000274929.1",13,"ENSG00000274929"
-0.00236492191694132,0.0831730890085356,0.000558969715185053,0.0295129004366197,0.0375421537236012,0.274177788239426,0.999987879216745,"ENSG00000279511.1",13,"ENSG00000279511"
-0.001123320100437,0.546489150343766,0.000593235356292004,0.155709334309459,0.0513129132618827,0.60691919279713,0.99999556966424,"ENSG00000274331.1",13,"ENSG00000274331"
0.000715998070965441,0.557969484837568,6.69052766377225e-06,0.976738630013542,0.0355346260143716,0.0456747231555188,0.999998139812516,"ENSG00000276269.1",13,"ENSG00000276269"
-0.00126954171929455,0.311697906347437,0.000240894644114991,0.264743812731591,0.0312329455527192,0.144357207202736,0.999995777105487,"ENSG00000136158.11",13,"ENSG00000136158"
0.00166282751141438,0.290870027767826,-0.000825069999641531,0.0509529634044747,0.0745358892147153,0.389854665324417,0.99999051165395,"ENSG00000151773.12",13,"ENSG00000151773"
-1.45457870165949e-05,0.991963918633066,-1.61311964687399e-05,0.968420133030513,0.080399664866155,0.2670941883678,0.999998621332827,"ENSG00000227258.5",13,"ENSG00000227258"
0.00162886902574517,0.270582986289196,-0.000180535748345763,0.569911122888259,0.047485059010981,0.356374864186394,0.999996674735266,"ENSG00000230731.2",13,"ENSG00000230731"
0.000740486716912467,0.58061205247019,-0.000180745277764359,0.485897129589415,0.0387415162761224,0.194222430001007,0.999997137707744,"ENSG00000231530.1",13,"ENSG00000231530"
0.000686275512516322,0.557921647745107,1.13618265375756e-05,0.961488272691729,0.0412758746187624,0.112300461008968,0.999998140930128,"ENSG00000237672.1",13,"ENSG00000237672"
-0.000514152776984872,0.673300058534697,0.000142748833158672,0.501919719445322,0.0305289500310264,0.0199166796085898,0.999997894591159,"ENSG00000121743.3",13,"ENSG00000121743"
0.00139554114100098,0.436053573565651,0.000176548275551595,0.67595650237686,0.0563553423189408,0.549952552248653,0.999997664741245,"ENSG00000205863.10",13,"ENSG00000205863"
0.000857938968310253,0.618454787826856,-0.000286374535466515,0.507852926191811,0.0659986260798087,0.521850310406185,0.999997858634098,"ENSG00000027001.9",13,"ENSG00000027001"
-0.00192595529697474,0.107336375797165,-0.000484975476359901,0.0196116589039593,0.0312410271784466,0.116105312812545,0.999986847373691,"ENSG00000223685.5",13,"ENSG00000223685"
0.00198594000281988,0.257868073021428,7.69762747420133e-05,0.803815736972287,0.0328735398360071,0.431106806801878,0.999995966779173,"ENSG00000150893.10",13,"ENSG00000150893"
-0.00387306660333835,0.0744172662460392,-0.00136952507664119,0.369140761793161,0.495099617154675,0.0119788078601597,0.999992555716392,"ENSG00000120675.5",13,"ENSG00000120675"
0.00316299132911588,0.100939713228638,0.000336940018851929,0.4594735703551,0.0569656521935925,0.623369292163919,0.999994487716083,"ENSG00000120659.14",13,"ENSG00000120659"
-0.00151703791595142,0.173779904291745,0.000521825132439887,0.0214759075773772,0.0416510934850202,0.0374977853503117,0.99998781039933,"ENSG00000023516.8",13,"ENSG00000023516"
0.000520821711498187,0.647406168423018,-0.000513914563513628,0.0058531281334373,0.0276564709830442,0.125246900727789,0.999987392904567,"ENSG00000234655.3",13,"ENSG00000234655"
0.00503671673326064,0.000205214559530335,0.00010656138340357,0.667805059218536,0.0342596969104065,0.170050204632821,0.999977540270863,"ENSG00000188243.12",13,"ENSG00000188243"
-0.000800964758831542,0.518370784093837,-3.08276757258709e-05,0.909101867390344,0.0483013368754324,0.164968343228612,0.999998000967023,"ENSG00000136111.12",13,"ENSG00000136111"
0.000100464778256331,0.935584367350964,-7.10258925229791e-05,0.76912013191547,0.038924868402024,0.165104098628003,0.999998503313907,"ENSG00000173988.12",13,"ENSG00000173988"
-0.000221447492121595,0.886919260342497,-7.84245287863878e-05,0.771537448834067,0.0330906934212784,0.379145098356701,0.999998486341032,"ENSG00000132970.12",13,"ENSG00000132970"
0.000142845133567059,0.915765004505439,-8.43610439539671e-05,0.719687894817514,0.0317554801206818,0.208034271279206,0.999998436776884,"ENSG00000180389.6",13,"ENSG00000180389"
0.000162880608227761,0.919628048877378,-0.000160801497624402,0.693416962421819,0.0651299907854199,0.425169849962543,0.999998409830785,"ENSG00000255874.2",13,"ENSG00000255874"
-0.000776816314972451,0.65425403242734,-0.000101846742461394,0.785088364511794,0.0473593896738792,0.521695441364247,0.999998196865284,"ENSG00000165566.12",13,"ENSG00000165566"
0.00150576687400028,0.265036082936691,-0.000230517728600331,0.400418109350444,0.042552109089185,0.206769642937604,0.999995289013636,"ENSG00000176268.5",13,"ENSG00000176268"
-0.00135882254870353,0.246306874239844,5.38978856010064e-05,0.804954102210633,0.0351446983547067,0.052604523299835,0.999996609653722,"ENSG00000102743.14",13,"ENSG00000102743"
-0.000406035500699243,0.731856167552616,-0.00016068285069928,0.579207492627912,0.0605946526214952,0.132160939884732,0.999998118475323,"ENSG00000168852.12",13,"ENSG00000168852"
-0.000717493291120958,0.591450488215286,0.000319820683195798,0.286688632826755,0.0517392257338146,0.212694583495721,0.999996991503031,"ENSG00000274204.1",13,"ENSG00000274204"
0.00397099739003804,0.0733241172309762,0.000602560368352784,0.213528546816341,0.05010496063745,0.566468114376716,0.999993714731995,"ENSG00000174405.13",13,"ENSG00000174405"
-0.00180938744827525,0.179998584464513,-0.000270374803896794,0.272541005213935,0.0350370787907568,0.200159215431459,0.99999386146478,"ENSG00000133119.12",13,"ENSG00000133119"
-0.0019799614032795,0.206042407672823,-0.00031822972069754,0.315728044507394,0.0420093499409942,0.298365201092978,0.999992229148375,"ENSG00000133116.7",13,"ENSG00000133116"
0.000656200089948877,0.471226324841378,-3.71048748817222e-05,0.869710609075942,0.0617348311073606,0.00574438641570215,0.999997847758511,"ENSG00000136144.11",13,"ENSG00000136144"
0.00101324037572897,0.445417576140643,0.000936359212183616,0.00124707526624147,0.0482155690991643,0.189468311051739,0.999984255419343,"ENSG00000134897.13",13,"ENSG00000134897"
0.00474679762900214,0.0564016817786781,-0.00160060934213563,0.000935972654873055,0.0416925616297972,0.609689388457088,0.999982761368559,"ENSG00000204442.3",13,"ENSG00000204442"
-0.00120022242293563,0.388095358826067,-7.64676177244035e-05,0.760614283568972,0.0337134678919539,0.242675172118473,0.999997483022668,"ENSG00000183722.7",13,"ENSG00000183722"
0.00618699466457223,0.000282800363272069,-2.99878760071373e-05,0.935972161925048,0.047516870767014,0.481756629390881,0.999978449041884,"ENSG00000275830.1",13,"ENSG00000275830"
-0.0017704860679298,0.333257346122984,-7.28553553261882e-05,0.856115903754849,0.0491718774330632,0.535400378982391,0.999996817384314,"ENSG00000275611.1",13,"ENSG00000275611"
0.000253162643180516,0.851004096036053,0.000197795510854739,0.441691959367787,0.0379631322960949,0.216438970234664,0.999997612615821,"ENSG00000232872.2",13,"ENSG00000232872"
-0.00362388345661889,0.00217880341062859,-6.45454447025103e-05,0.764827669200667,0.0332993006943265,0.00112262958877191,0.999984365411165,"ENSG00000229800.1",13,"ENSG00000229800"
4.02199238322548e-05,0.972648855918596,-8.92022847274543e-05,0.687853083052825,0.0362560619798095,0.14439385065058,0.999998372911098,"ENSG00000237637.1",13,"ENSG00000237637"
-0.00176337560057583,0.120735373034758,0.000260011121611879,0.252894871386954,0.0402412408278348,0.0310530754505903,0.999994014531803,"ENSG00000234535.1",13,"ENSG00000234535"
0.000734998460599895,0.648224372947301,-0.000165682173582198,0.588889148406358,0.0393842649366975,0.393160004769405,0.99999800024231,"ENSG00000230490.2",13,"ENSG00000230490"
0.00150146901913942,0.223855076229913,-0.000153932264521582,0.561559845721709,0.0465660998908889,0.132722304985346,0.999995384863568,"ENSG00000032742.17",13,"ENSG00000032742"
0.00106029992061192,0.366898102593859,5.59831177504966e-05,0.825028798980256,0.0469423184058767,0.0918521771202604,0.999997306434088,"ENSG00000180172.7",13,"ENSG00000180172"
0.00226521124528765,0.085366145976796,9.97184137795388e-05,0.706116289727862,0.0417639574647588,0.174729658077293,0.999993940520558,"ENSG00000276916.1",13,"ENSG00000276916"
0.00303642294347094,0.0836833946894047,0.00165989067756184,0.00777918688712224,0.130996985538384,0.247998065708904,0.999988612697151,"ENSG00000276248.1",13,"ENSG00000276248"
-6.9089989210827e-05,0.95629700426052,-0.000365054760383829,0.122062569746288,0.036068806144144,0.160089962300975,0.999995314656414,"ENSG00000232795.1",13,"ENSG00000232795"
0.0011262445461273,0.284641070844596,-0.000175254577780288,0.433519303668872,0.0452784958123361,0.0146811642342676,0.999996477490359,"ENSG00000238213.1",13,"ENSG00000238213"
0.000839288433958247,0.414003652363878,-0.000243019941259254,0.300275096207114,0.0527525160835892,0.0879370867563305,0.999996226535412,"ENSG00000165416.14",13,"ENSG00000165416"
-0.0030364428644368,0.010470089717785,0.000186619610998919,0.444831081747913,0.0426497288594473,0.0515208328227992,0.999989529688594,"ENSG00000122034.14",13,"ENSG00000122034"
-0.00262462647775217,0.0472100269850961,6.62739191118382e-05,0.816481922035357,0.0474286289162234,0.173915283841808,0.999992798592395,"ENSG00000234772.1",13,"ENSG00000234772"
0.000359096760914682,0.796410881566115,0.000505978240806556,0.0604411936572162,0.0389733569246108,0.331812188945321,0.999993736336935,"ENSG00000102781.13",13,"ENSG00000102781"
-0.00192038446629945,0.21447387506412,-0.000402837919545336,0.174826525912648,0.0409794302417624,0.117154195833786,0.999995337125114,"ENSG00000236444.4",13,"ENSG00000236444"
0.000952907435393177,0.316534761281475,-0.000324779509331108,0.119903257336335,0.0483254335135608,0.022516950408085,0.999994362378862,"ENSG00000136146.14",13,"ENSG00000136146"
0.00152742069578725,0.227101425359325,0.000259982422113895,0.288049555766811,0.0377775350712971,0.106339840845607,0.999995044617942,"ENSG00000229152.2",13,"ENSG00000229152"
-0.000419665562788392,0.752007145889053,-0.000171576733569046,0.520761060492462,0.0414256457754986,0.230279317775956,0.999998027219622,"ENSG00000125304.8",13,"ENSG00000125304"
0.000784972751342927,0.477202497477452,0.000235305097928834,0.308631487735878,0.0438267300665052,0.00272834088244115,0.99999628670295,"ENSG00000280734.2",13,"ENSG00000280734"
0.000228026826257883,0.904414951443616,0.00028336061101818,0.502600167933145,0.0522876004581599,0.590815982196769,0.999997915803757,"ENSG00000139832.4",13,"ENSG00000139832"
-0.00116057298786477,0.29697361444214,0.000400743959627622,0.0976518516145,0.0492666084885161,0.259061264290783,0.999993858876098,"ENSG00000272515.1",13,"ENSG00000272515"
-0.00014378893442796,0.941599111519427,0.000382784723524092,0.291123831072186,0.0380555028335667,0.55845300866937,0.999997052740746,"ENSG00000224821.5",13,"ENSG00000224821"
-0.0022453638100442,0.129224044308525,9.7602868866929e-05,0.717012030052843,0.0352884987832582,0.25787979083036,0.999995215274661,"ENSG00000172458.4",13,"ENSG00000172458"
0.00158540133068731,0.530116839141739,0.000286109484208572,0.555792142217225,0.0400863204486462,0.635120359289501,0.999997912423107,"ENSG00000276740.1",13,"ENSG00000276740"
-0.00152390051670515,0.416401411768452,0.000150128881252254,0.707674013336411,0.0474681091818164,0.520315684312911,0.999997660355577,"ENSG00000102678.6",13,"ENSG00000102678"
-0.00206782107610965,0.261634988275587,-1.79097309556394e-05,0.962521453109604,0.0446787023665324,0.566694948797282,0.999996678685689,"ENSG00000235076.2",13,"ENSG00000235076"
-0.00154268322186312,0.22764655441603,-0.000143726683719733,0.540454127250876,0.0345656067475871,0.151578395921611,0.999996020225467,"ENSG00000236953.1",13,"ENSG00000236953"
-0.000688848861372215,0.679907044174162,0.000145138427317204,0.69932110413302,0.0537634199869582,0.508759665622842,0.999998087829168,"ENSG00000233325.3",13,"ENSG00000233325"
-0.000270435176929926,0.82186346820233,-3.40007284340888e-05,0.864529047992414,0.0281335863934147,0.105151240136505,0.999998467587379,"ENSG00000280165.1",13,"ENSG00000280165"
-0.00158552007312142,0.227321422686533,-0.000251760086181443,0.350808340239638,0.0435425357376871,0.202890441113701,0.999995512072657,"ENSG00000276644.4",13,"ENSG00000276644"
0.00085869087454192,0.667002181644582,9.35579136442783e-05,0.813326973897562,0.0401533602572972,0.626795971711004,0.999998324235735,"ENSG00000274922.1",13,"ENSG00000274922"
-0.000766252673342284,0.571150957374166,-0.000100152626243428,0.69353242439031,0.0367617181736091,0.191371771376989,0.999997816427273,"ENSG00000276434.1",13,"ENSG00000276434"
0.000109346714679796,0.932264299831217,0.000146894451117113,0.549017261189258,0.0373532928102607,0.151790722932378,0.999998127065487,"ENSG00000185950.8",13,"ENSG00000185950"
-0.00289993137076126,0.0428039248224993,0.000917845112078823,5.05174820111551e-06,0.0213882150407433,0.303052579863435,0.999968492497375,"ENSG00000133121.20",13,"ENSG00000133121"
-0.000254965580001614,0.883521353165736,0.000374243913787141,0.218680395344311,0.0331364527147307,0.507258139106931,0.999996538873997,"ENSG00000121390.18",13,"ENSG00000121390"
0.0018252700387643,0.231203920787734,-0.000404254313890444,0.125188713354607,0.032298327874739,0.353192664874809,0.99999285336548,"ENSG00000133103.16",13,"ENSG00000133103"
0.000349873432645716,0.796962473728532,-5.40148158005524e-05,0.840052810452941,0.0395806457435399,0.261876352798848,0.999998439396852,"ENSG00000102572.14",13,"ENSG00000102572"
0.00309285756661849,0.0170530302013123,0.000130104816250573,0.559716597220216,0.0298695835260075,0.0455744125024117,0.999984863987602,"ENSG00000178734.5",13,"ENSG00000178734"
0.00374075416178281,0.0430523346602724,-0.000121445546729994,0.711614512358687,0.0329675217576666,0.374837953927666,0.999991849375077,"ENSG00000136153.19",13,"ENSG00000136153"
0.00142126446047744,0.153035486883748,-0.000215799426522783,0.347664698851276,0.053650228701894,0.0389646418362506,0.999995154146449,"ENSG00000198384.8",13,"ENSG00000198384"
0.00147242240810109,0.242640797947382,0.000495634977279496,0.0602909225085606,0.0447488312737687,0.186971991563384,0.99999297454058,"ENSG00000279135.1",13,"ENSG00000279135"
-0.000520874351898483,0.769499461872226,-7.19173975852889e-05,0.846459207689762,0.0466303439153983,0.519596155951192,0.999998438777556,"ENSG00000151835.14",13,"ENSG00000151835"
0.000776425910499385,0.708729431618463,9.8263010162686e-05,0.810001625728852,0.0409154758470161,0.639115426647065,0.999998393621553,"ENSG00000153487.12",13,"ENSG00000153487"
-0.00104826372224615,0.596112980305241,0.000151200069462987,0.709062152690984,0.0439830782544186,0.553990111407331,0.999997653944735,"ENSG00000235875.3",13,"ENSG00000235875"
-0.00200592299078374,0.159413860001964,0.000141259647658855,0.602507612686694,0.0382017282155679,0.20443759820466,0.999995715936188,"ENSG00000118922.17",13,"ENSG00000118922"
0.00234518683339383,0.227346009205143,-6.54259437792815e-05,0.872034513744403,0.0455279209696879,0.577862579769774,0.999996476969792,"ENSG00000139835.13",13,"ENSG00000139835"
-0.0007709813777206,0.522304875005224,-0.000107483394471295,0.679751273108255,0.0470593525194748,0.0742395900651675,0.99999797393128,"ENSG00000134900.11",13,"ENSG00000134900"
0.00194534973452968,0.322070966671007,-8.63862062479999e-05,0.823068966635194,0.0392370005237943,0.58232406857806,0.999997240263017,"ENSG00000267868.1",13,"ENSG00000267868"
0.00264765079631682,0.0336501271321165,-0.000483294876117807,0.0599217744134185,0.042764209659949,0.197906999364777,0.999984393753003,"ENSG00000102837.6",13,"ENSG00000102837"
0.00223607063259033,0.110613723332619,-0.000396497896484129,0.158761869581102,0.0410857266414674,0.257056481794355,0.999993667740016,"ENSG00000132964.11",13,"ENSG00000132964"
0.000849160820425439,0.449343378595362,-7.97174885690567e-06,0.975117673566546,0.0523258930053846,0.116581530041274,0.999997806572295,"ENSG00000133107.14",13,"ENSG00000133107"
0.000681569573057761,0.756025572534365,0.000607508380469006,0.128428440002378,0.0349935083720913,0.682248190342176,0.999995436464464,"ENSG00000088448.14",13,"ENSG00000088448"
0.00209435805434775,0.156640673468619,-3.83742709955263e-05,0.880898397846058,0.0324528435616108,0.303280041928206,0.999995584812925,"ENSG00000198176.12",13,"ENSG00000198176"
-0.000655174040992892,0.65030435608048,-5.99988300584542e-05,0.82014297655034,0.0350369795013952,0.267078857702654,0.99999822037282,"ENSG00000225083.1",13,"ENSG00000225083"
0.00361243932448115,0.0499165149361611,0.000736424583352748,0.0404093380777772,0.0381308747387937,0.592320523575235,0.999987932985474,"ENSG00000235280.2",13,"ENSG00000235280"
-0.00140324853986463,0.148434667902276,2.01804339927443e-05,0.92876819281586,0.0541081545335613,0.00943961275886204,0.999995540307687,"ENSG00000198824.5",13,"ENSG00000198824"
-0.00147205277650918,0.378558565625377,-0.000554474361055848,0.182861756649963,0.064972195121739,0.408790081077083,0.999992337087543,"ENSG00000126217.20",13,"ENSG00000126217"
-0.000481715682768321,0.709392510941276,-8.28031608568796e-05,0.751537273342039,0.0417039705572928,0.110156560387407,0.999998112704671,"ENSG00000283075.1",13,"ENSG00000283075"
0.00342479752568365,0.105504852870108,0.000270448702113056,0.49841155225508,0.0373448346611408,0.644258085412137,0.999994438585816,"ENSG00000276476.2",13,"ENSG00000276476"
-0.000453054538998896,0.702307664051331,0.000347894963494957,0.201950013314556,0.0538965652587023,0.257684765058186,0.999994851211512,"ENSG00000214182.5",13,"ENSG00000214182"
0.000699578319950588,0.547000301581355,0.000164355217711222,0.432079820250332,0.0325243160057825,0.0146084989613328,0.999997426421375,"ENSG00000230793.1",13,"ENSG00000230793"
-0.000143853634738082,0.906937522571833,-8.42249710192504e-05,0.761764450980148,0.05171038910576,0.184526517647184,0.999998467460612,"ENSG00000133114.17",13,"ENSG00000133114"
0.000447388592781641,0.735335044320515,-2.57966068527525e-05,0.921310526873588,0.0410449862286349,0.123546883742646,0.999998457714628,"ENSG00000041515.15",13,"ENSG00000041515"
-0.00108245930483288,0.348520272294227,-8.05197272345743e-05,0.705845497879286,0.0341809405688538,0.00637167478803994,0.999997338906928,"ENSG00000272542.1",13,"ENSG00000272542"
0.00129675139060135,0.405877272803243,-0.000657407685560933,0.0176558951460661,0.0340008923309761,0.399495581909794,0.999989641121414,"ENSG00000083520.14",13,"ENSG00000083520"
0.00288421135526967,0.0131609818296605,3.04706648503138e-05,0.881586774412301,0.0315694746129192,0.0605600455220375,0.999989887824909,"ENSG00000227848.1",13,"ENSG00000227848"
-0.00111627097192329,0.360905383202344,8.79304246520504e-05,0.725930308539575,0.0428167404857461,0.152544916051858,0.999997344845675,"ENSG00000180730.4",13,"ENSG00000180730"
0.000539406377560133,0.748357542751003,8.86266993852063e-06,0.979459646796844,0.0437526092331616,0.455674189257673,0.999998466353732,"ENSG00000269376.1",13,"ENSG00000269376"
-0.000687065853382839,0.62640621825885,-0.000465083069320866,0.0781469863294475,0.0370634666466484,0.305400297563493,0.999994219927603,"ENSG00000165837.11",13,"ENSG00000165837"
0.000636950995765823,0.72277969990295,-0.00012722345749876,0.745367573524476,0.0492176512980678,0.559289987688562,0.999998281337061,"ENSG00000126218.11",13,"ENSG00000126218"
0.00159269060123024,0.327037199492658,-8.00810334821279e-05,0.786016777387911,0.0348666085288865,0.349341446534439,0.99999720375638,"ENSG00000233695.2",13,"ENSG00000233695"
0.00169756460554503,0.277577785292598,-7.98564355227733e-06,0.979755929288531,0.0425187199719509,0.444599604499846,0.999996904541078,"ENSG00000183087.14",13,"ENSG00000183087"
8.58774215338557e-05,0.949867012085225,0.000458514215955339,0.10777356393921,0.0452678093024689,0.277507703938989,0.999995025806689,"ENSG00000274605.1",13,"ENSG00000274605"
0.000959010904079444,0.462197592361307,-4.31324205156034e-05,0.873148220879557,0.0428361843888267,0.0083705428010629,0.999997318727969,"ENSG00000236554.1",13,"ENSG00000236554"
0.00278735406545101,0.0430214565232015,-2.4867667032508e-05,0.928383597770218,0.041566956509739,0.174781761032605,0.999992048027149,"ENSG00000102699.5",13,"ENSG00000102699"
0.000916882890806879,0.444042227624456,-0.000223758654014108,0.361765291696482,0.0421839592479965,0.0559008043617814,0.999996505729128,"ENSG00000273628.1",13,"ENSG00000273628"
0.000324487954763842,0.81358212489192,-0.000238820164032946,0.35416986869831,0.0365746555050049,0.270051884536641,0.999997274021302,"ENSG00000132938.19",13,"ENSG00000132938"
0.00068137755508233,0.57512863194003,3.37633652495762e-05,0.870767211279975,0.0294228040231075,0.0342178954229831,0.999998182187574,"ENSG00000234145.1",13,"ENSG00000234145"
-0.000953968149171968,0.457223090412795,-0.000285844099063016,0.292937598427623,0.0457605553144454,0.160216993944003,0.999996761532215,"ENSG00000136143.14",13,"ENSG00000136143"
-0.00152361830295596,0.165027413285541,-9.41378886186255e-05,0.692232557331082,0.0475643104010513,0.0975790348488887,0.99999589360531,"ENSG00000228824.6",13,"ENSG00000228824"
-0.000805704488174153,0.420807783475676,-0.000157844595806392,0.422563340819382,0.0387347794484315,0.00850612720238209,0.999997031019982,"ENSG00000136159.3",13,"ENSG00000136159"
-0.00606278046048755,7.11365939440423e-05,-0.000535983556869567,0.0790409943444687,0.0409654323297293,0.400490236970836,0.999967346797697,"ENSG00000235957.1",13,"ENSG00000235957"
0.00264784821688911,0.0116485025168419,0.000256646894723103,0.236869225337271,0.0428270358843778,0.021708979460384,0.999986301202391,"ENSG00000260388.2",13,"ENSG00000260388"
-0.00184422731909342,0.158231081800012,6.76862029278545e-05,0.74088731187236,0.0253551447428997,0.142162648231822,0.999995561929915,"ENSG00000277386.1",13,"ENSG00000277386"
-0.000661485788412828,0.623491802631841,-2.67048874117659e-05,0.910173476037473,0.0314944712678897,0.0945584031311587,0.999998283247874,"ENSG00000232489.1",13,"ENSG00000232489"
-7.60250290307249e-05,0.959148545053023,0.000379845817682607,0.531495794878421,0.167497674256917,0.162689884889014,0.999997838688354,"ENSG00000134905.16",13,"ENSG00000134905"
-0.000822436482339021,0.499727708097299,-5.34113655234963e-05,0.824633311743033,0.0395469369853337,0.109993088249687,0.99999778455003,"ENSG00000273723.1",13,"ENSG00000273723"
7.35969446354232e-05,0.948764128186612,-0.000129335002965101,0.56778807258463,0.0393371985396057,0.0531446019944426,0.999998158983715,"ENSG00000228808.1",13,"ENSG00000228808"
-0.00236891324551408,0.153689285023062,-0.000263982668139464,0.418822222470212,0.0400683282105604,0.311926706362903,0.999995654680925,"ENSG00000123191.14",13,"ENSG00000123191"
-0.00193445697808754,0.148615948258977,0.00131900590669345,0.00918759092296485,0.143715056257276,0.154360245203582,0.99998130236011,"ENSG00000136104.19",13,"ENSG00000136104"
0.000433236262833922,0.71483001715737,-0.000104807644920094,0.659403868831672,0.0405191751957813,0.0405507182145759,0.999998234033962,"ENSG00000139826.5",13,"ENSG00000139826"
-0.00133259833198711,0.336047923718287,-0.000565013055398791,0.0277965680206175,0.0349652805945238,0.209524542904664,0.99998888388102,"ENSG00000225039.1",13,"ENSG00000225039"
0.00325373820792005,0.0617557534953987,0.000467138078351664,0.11700126165414,0.0307028495332422,0.465743807977587,0.999989292766944,"ENSG00000139746.15",13,"ENSG00000139746"
0.000709381443865745,0.564934466322761,6.66347038097292e-05,0.778014049840592,0.0374592033985424,0.120669673974496,0.999998097094888,"ENSG00000132958.17",13,"ENSG00000132958"
0.000116871212463981,0.931670163133506,0.000485995369254813,0.116165974646173,0.0527649379115348,0.237319098215087,0.999994964086123,"ENSG00000133083.14",13,"ENSG00000133083"
0.00151277882833569,0.209305398139542,-3.04748030588162e-05,0.906063928530386,0.0463306531251803,0.0928697785866778,0.999996431531063,"ENSG00000102468.10",13,"ENSG00000102468"
0.00108437694986668,0.508620408766765,0.000462008087880986,0.130163346851075,0.0364967622888555,0.394334916326009,0.999995415282459,"ENSG00000139684.13",13,"ENSG00000139684"
-0.000856914842891777,0.5030456443851,0.000335192983904042,0.253881093081094,0.0542962698896275,0.197925455995185,0.999996308204393,"ENSG00000237152.3",13,"ENSG00000237152"
-0.00115537570199385,0.422944510020835,0.000505835937605874,0.615300367581402,0.487567057483601,0.0245607435184692,0.999997736003423,"ENSG00000277767.1",13,"ENSG00000277767"
0.00163549379794053,0.493629508284309,-0.000285478894282136,0.557947126955679,0.0443134609534727,0.587988236086928,0.999995415157995,"ENSG00000279149.1",13,"ENSG00000279149"
-0.000682554907345503,0.634470134833662,-0.000101351219945788,0.700207491177247,0.0353192846385712,0.28775931769667,0.999998048537465,"ENSG00000120688.8",13,"ENSG00000120688"
-0.00182186704341883,0.111130830534973,-3.4345466236228e-05,0.883778716220871,0.0435685173651253,0.0955391522596411,0.999994952249448,"ENSG00000102554.13",13,"ENSG00000102554"
-0.000111190408989452,0.927406932511838,-0.000177937450347783,0.46717413834567,0.0409060235709445,0.149613298101769,0.999997877677865,"ENSG00000279314.1",13,"ENSG00000279314"
0.00129396768319431,0.437040159893677,-0.000148455632882576,0.653768708261731,0.0424405524919004,0.441011186323783,0.999997661182809,"ENSG00000229473.2",13,"ENSG00000229473"
0.00213749011938668,0.120588361968094,-0.00050541755677062,0.0622313778878533,0.0396976226701288,0.241335407683245,0.999991989060958,"ENSG00000133115.11",13,"ENSG00000133115"
0.00108025109970824,0.413903794130323,0.000284835972143224,0.260786137554138,0.0380477096338461,0.220976356931116,0.999996268719672,"ENSG00000125249.6",13,"ENSG00000125249"
-0.00303781429573189,0.0225646360698014,-0.000102161720861452,0.656898663971401,0.0309965007927899,0.162829548179271,0.999991120326246,"ENSG00000139737.21",13,"ENSG00000139737"
-0.00253138703038609,0.0169879760014818,-0.000124586753510094,0.566060083757357,0.0430603306426798,0.164271868228931,0.999990465259129,"ENSG00000102796.10",13,"ENSG00000102796"
0.00155014031435735,0.164331710372927,-0.000348120654580794,0.113813030567612,0.0392268958820554,0.0435818633486253,0.9999906872439,"ENSG00000005812.10",13,"ENSG00000005812"
0.000114002214028799,0.921992272167677,0.000175290459157508,0.474366245719621,0.0446148559364173,0.039952352799685,0.999997829789157,"ENSG00000229456.1",13,"ENSG00000229456"
-0.00119409318816103,0.562130359069434,-0.000337429000248468,0.423723440941474,0.0449538535747966,0.635048432246584,0.999997435134991,"ENSG00000175664.9",13,"ENSG00000175664"
0.0021627250761663,0.114761845486735,-0.000326394050544773,0.149263414128902,0.029210543115421,0.28485539521884,0.999992241109412,"ENSG00000136098.16",13,"ENSG00000136098"
0.00146192886934299,0.175837370846387,-8.91293770861954e-05,0.665956169446097,0.0370499876725968,0.069009497341801,0.999995989385666,"ENSG00000231856.2",13,"ENSG00000231856"
0.00111986120642892,0.361956042782184,-0.000252571017912475,0.315791962249872,0.0421131194621964,0.0243786292340131,0.999996686501485,"ENSG00000224743.6",13,"ENSG00000224743"
-0.000685139431259264,0.618181323343958,-9.00898086235181e-05,0.719718688892885,0.0346751951823146,0.258670023398917,0.999998130296498,"ENSG00000132965.9",13,"ENSG00000132965"
-0.00123730574790392,0.356055041037383,0.000403594051385636,0.122034167308767,0.0384948471601277,0.198173198349488,0.999994966088998,"ENSG00000237879.1",13,"ENSG00000237879"
-0.00275329274081345,0.123091054079812,-0.000726072338606497,0.0956805380591276,0.0614512213247784,0.471582106084505,0.999993525809988,"ENSG00000127870.16",13,"ENSG00000127870"
0.00238682979327661,0.0755098965791197,4.4668649939841e-05,0.872874522828629,0.0441505744061475,0.213595692053342,0.999993967010894,"ENSG00000125285.5",13,"ENSG00000125285"
0.000183996443203728,0.885029087360855,0.000979487463922464,0.0386521089219412,0.139040356522203,0.0404149450007936,0.999992205430753,"ENSG00000233672.6",13,"ENSG00000233672"
-0.00497330815726557,3.2664859345363e-05,-0.000198924344077216,0.478882951516463,0.0583034741096158,0.245841232837272,0.999972394502914,"ENSG00000176124.11",13,"ENSG00000176124"
-0.00143808864337622,0.199892908558707,0.000394474026848245,0.124368556330688,0.0551329151624844,0.290613574739693,0.999993307679631,"ENSG00000232150.3",13,"ENSG00000232150"
-0.000258473541431646,0.849234043574636,-0.000429775113078243,0.14882606764863,0.0503362030654553,0.310506694289801,0.999995749064074,"ENSG00000174032.16",13,"ENSG00000174032"
0.00159112864228875,0.26880604346647,8.01116494225067e-05,0.776307126980036,0.0398780296892857,0.314106890444568,0.999996523355665,"ENSG00000120690.15",13,"ENSG00000120690"
-0.00036166221292201,0.832331101811959,-0.000193111763534704,0.54996309022959,0.0385170335177058,0.491773239956991,0.999998120760053,"ENSG00000083544.13",13,"ENSG00000083544"
-0.00153190742993568,0.221618345303978,-7.24437549196827e-05,0.77073649702984,0.039407998511968,0.0138339157048959,0.999996445846356,"ENSG00000235532.1",13,"ENSG00000235532"
0.0015908820243482,0.326332486961439,-0.000398364051126796,0.3246366879799,0.0631928237634344,0.438539545636881,0.999996470968566,"ENSG00000102606.17",13,"ENSG00000102606"
-0.000866335144837588,0.563286028379004,0.000209670568822686,0.489230352027571,0.0421151440773721,0.224013985925717,0.99999783178153,"ENSG00000253771.5",13,"ENSG00000253771"
0.000876569912590349,0.461924499237487,0.000194671774736876,0.358712202388738,0.0317041827553191,0.0025586671512521,0.999996913204611,"ENSG00000139618.14",13,"ENSG00000139618"
0.000566281533634203,0.718393714801763,-0.000123208782287996,0.717346341668625,0.048997427554184,0.308138042725427,0.999998375902134,"ENSG00000270522.1",13,"ENSG00000270522"
-0.000567325350993482,0.639756005315474,-4.63588347905245e-05,0.87120531150597,0.05648228772756,0.0720594479108734,0.999998315234214,"ENSG00000179630.10",13,"ENSG00000179630"
-0.00350076698332647,0.01957496770861,0.000211048956345451,0.425899312485891,0.0322343234133381,0.307645869047216,0.999990260945129,"ENSG00000233725.7",13,"ENSG00000233725"
0.00263938171485003,0.0475117362072671,0.000244447125706189,0.396788807923379,0.0477756250072144,0.180418756763092,0.999992955997031,"ENSG00000185352.8",13,"ENSG00000185352"
0.00110302520804369,0.320213197747964,2.71365092706015e-05,0.901073857175566,0.0387285236067981,0.00552579347445519,0.999997213110616,"ENSG00000178695.5",13,"ENSG00000178695"
-0.000545914375036647,0.696985098955306,-0.000119174001926084,0.689286374517102,0.0466694815662416,0.333562560898886,0.999998095738627,"ENSG00000132932.16",13,"ENSG00000132932"
-0.000603035178373223,0.574221764831229,-9.69669905358221e-05,0.645441653330996,0.039047977458732,0.0525153088481182,0.999997912259761,"ENSG00000172766.18",13,"ENSG00000172766"
-0.0018660974888683,0.110073974470967,-0.000450467729520818,0.0454744991327304,0.0373659038734976,0.0476571437441494,0.99999089056765,"ENSG00000236051.7",13,"ENSG00000236051"
0.0016025757314109,0.172148368846592,5.59765211200316e-05,0.790576112371015,0.0326321655995457,0.0569550460121414,0.999995904221083,"ENSG00000278727.1",13,"ENSG00000278727"
0.00121749461036564,0.540230527455517,0.000209391743349832,0.597106099933281,0.0439088263668695,0.615579208575557,0.999997510738416,"ENSG00000232187.1",13,"ENSG00000232187"
0.00167220435603626,0.160330631004632,-0.000171261105882429,0.446745428508512,0.0358141439017482,0.01535415104501,0.999995524625793,"ENSG00000127863.15",13,"ENSG00000127863"
0.00157901087042112,0.245362470657987,0.000323717576162682,0.259967350402332,0.0459062113870839,0.268297099228978,0.999993645249199,"ENSG00000278238.1",13,"ENSG00000278238"
-0.00511209011463023,0.000453983749069336,-0.000889667543255728,0.000268945223085637,0.0290274839864743,0.285641014692557,0.999969124301179,"ENSG00000243406.6",13,"ENSG00000243406"
-0.00144496960192789,0.341821965808933,9.4055830970446e-05,0.720346584971389,0.0317653110475871,0.330224539275471,0.999997101618332,"ENSG00000275485.1",13,"ENSG00000275485"
-0.000934659809096372,0.456020895505784,-8.54359356102848e-05,0.718984749008319,0.0366584223297325,0.148192474877099,0.999997796169208,"ENSG00000102471.13",13,"ENSG00000102471"
0.000808548045702807,0.499578879140697,-7.32273893328069e-05,0.790965640313662,0.0539492080934853,0.161726415971163,0.999997735294992,"ENSG00000272281.6",13,"ENSG00000272281"
0.0034668943013428,0.036222347619913,0.000125074486141776,0.724387266108132,0.0472304351405582,0.369848542924508,0.999992229329846,"ENSG00000197168.11",13,"ENSG00000197168"
-0.00108040380065048,0.247316515226165,-0.000123919265183858,0.615385183831967,0.0699167652334599,0.0285566594858052,0.999996704587676,"ENSG00000253797.2",13,"ENSG00000253797"
0.000974715944406922,0.428180877370487,4.12333825261248e-05,0.874827004739205,0.0458102022881927,0.0851376086261168,0.999997660625882,"ENSG00000136114.15",13,"ENSG00000136114"
-0.000967879951816382,0.494206086904483,-5.64575786403558e-05,0.777924369465456,0.0212781236292019,0.308907188897932,0.999997887098407,"ENSG00000279730.2",13,"ENSG00000279730"
-0.00332858884185115,0.0188232879254037,1.75455614337968e-05,0.9484052777709,0.0394551115707493,0.287459833878864,0.999990318627612,"ENSG00000134874.17",13,"ENSG00000134874"
-0.000109583647303,0.919536322992798,0.000354523849046857,0.138735285561089,0.0487609329509087,0.00297701351444807,0.999995600989344,"ENSG00000278338.4",13,"ENSG00000278338"
-0.000656658584493351,0.679359599874681,0.000252520691157014,0.351146933193404,0.0314956538093587,0.518203325463475,0.999997034812734,"ENSG00000184564.8",13,"ENSG00000184564"
-5.60093686052317e-05,0.959459484769584,-0.00052054785034597,0.0259064920234661,0.0456017328479388,0.108590671183575,0.999991217160237,"ENSG00000120697.8",13,"ENSG00000120697"
0.00261929525121071,0.0450157207825493,-0.000363185555343449,0.151278309861394,0.0382383829935535,0.211716574971822,0.999991038399347,"ENSG00000235438.7",13,"ENSG00000235438"
0.00206654688036391,0.11227172596561,-0.000242980257045798,0.274270385434288,0.0300784109354058,0.141287218438503,0.999994364343512,"ENSG00000274317.1",13,"ENSG00000274317"
-0.000877036924426082,0.403126573689702,-0.000567926475390953,0.00500284781098929,0.037391095265222,0.0356287444647258,0.99998498745912,"ENSG00000139675.11",13,"ENSG00000139675"
-0.000732375996693775,0.585027682037503,0.000341625946070817,0.193776649017681,0.0396198506753604,0.154375303868648,0.999995995944352,"ENSG00000125247.15",13,"ENSG00000125247"
-0.000685011743051978,0.546236623415999,0.000266344226396568,0.202974588817883,0.0345673246187764,0.0694720878422907,0.999996120946951,"ENSG00000120699.12",13,"ENSG00000120699"
-0.000689449828312506,0.64131215360253,0.000229507260752456,0.382512533336041,0.032701383999046,0.330714629622557,0.999997194823182,"ENSG00000232858.1",13,"ENSG00000232858"
-0.000683124847766026,0.546626367344183,8.55386721144885e-05,0.7225561079997,0.0460530039679425,0.133202216548914,0.999997998468889,"ENSG00000231473.2",13,"ENSG00000231473"
-0.00163159479752371,0.266707664151141,0.000220933353952244,0.417949774677538,0.0356964170881147,0.248530277783418,0.999996674436757,"ENSG00000136161.12",13,"ENSG00000136161"
-0.005190018321157,0.000659389301367069,0.00129345794691397,0.00918017415343874,0.105913068783099,0.14196402802587,0.999981485062704,"ENSG00000276968.1",13,"ENSG00000276968"
-0.000962397685323722,0.422805534632494,-0.000299192424625055,0.171887678200222,0.0335434294167478,0.0580818292734922,0.999995665764669,"ENSG00000277151.1",13,"ENSG00000277151"
0.000518533953506315,0.660257372851176,-2.11135198198125e-05,0.924201203025334,0.0358788358785235,0.0485166943748049,0.999998336076415,"ENSG00000271850.1",13,"ENSG00000271850"
0.00322498623654855,0.0102197079827966,0.000324457328523928,0.106604846933697,0.0261326387281399,0.121665169099631,0.999988087312925,"ENSG00000228889.6",13,"ENSG00000228889"
-0.000394526398097795,0.760012706124824,-0.00040375108929621,0.167425535768027,0.0516466562457666,0.100422638600139,0.999995432021271,"ENSG00000242715.7",13,"ENSG00000242715"
0.00145883731336924,0.296275560609865,-0.000296369092501781,0.261024394639386,0.0366546235568982,0.285265774349195,0.999995022612278,"ENSG00000278462.1",13,"ENSG00000278462"
-0.000195293288459116,0.890431056969194,-8.08307958389615e-05,0.742327486818251,0.0322997822160424,0.336323121761093,0.99999845842867,"ENSG00000005810.17",13,"ENSG00000005810"
0.00136131612726159,0.320099522395384,-0.000133480889216767,0.601903396589942,0.0361257143907812,0.25236404487244,0.999996450479505,"ENSG00000276957.1",13,"ENSG00000276957"
0.000583545102291631,0.762485304614369,-0.000145827889979166,0.714188930942958,0.0434375754537862,0.628759953683165,0.999998359109222,"ENSG00000125266.6",13,"ENSG00000125266"
0.00059313848256526,0.631133407687471,-6.25074119493828e-05,0.783197679924442,0.0342181002811641,0.0811189657723672,0.999998234898327,"ENSG00000102802.9",13,"ENSG00000102802"
0.00132277058415303,0.271999143315792,0.000676441707212407,0.00320370290146869,0.0371028835891937,0.0708317669910769,0.999986174994579,"ENSG00000186047.9",13,"ENSG00000186047"
0.00167692543728056,0.121007642451858,-0.000173609703997854,0.444361870867789,0.0440782880701957,0.00541330146784027,0.999994809618096,"ENSG00000102531.16",13,"ENSG00000102531"
0.0021153444610923,0.0656270914697854,-0.000104979791580076,0.668375724278339,0.0456079937388795,0.0250879247054991,0.999992978980564,"ENSG00000150457.8",13,"ENSG00000150457"
0.00180780814325671,0.217078981842497,0.000256102319674408,0.307915957550738,0.0306670424997965,0.290627513747613,0.999994740886276,"ENSG00000279237.1",13,"ENSG00000279237"
-0.000625242957199123,0.602076858782482,-7.93611510657561e-05,0.740420526830107,0.0404076965472026,0.0688913384841601,0.999998108529038,"ENSG00000134884.13",13,"ENSG00000134884"
-0.00149154069144848,0.242336288658849,-6.39305043246843e-05,0.808582074808298,0.0435606814135582,0.132130931274315,0.999996686724516,"ENSG00000231194.1",13,"ENSG00000231194"
0.00309077780829479,0.0377240301694713,-3.05527498046651e-05,0.905781208992803,0.0312284321452875,0.359611859059151,0.999992315266473,"ENSG00000122042.9",13,"ENSG00000122042"
-0.0017606786036104,0.167434517113222,0.000254810228821547,0.384509587280712,0.0530612340424397,0.0557441458420325,0.999995913162153,"ENSG00000088386.16",13,"ENSG00000088386"
0.00278034296090313,0.0341845449110903,0.000254031250201109,0.311295123445132,0.0371284626064254,0.17255292568386,0.999991855161623,"ENSG00000065150.18",13,"ENSG00000065150"
0.000353774015439496,0.857020025886787,0.000392505854423455,0.270074512652743,0.0342816775439375,0.61583779992353,0.999996944142584,"ENSG00000187498.14",13,"ENSG00000187498"
0.000902689536124647,0.417402177542475,0.000208861534043228,0.415693357797516,0.0532781863004964,0.0310573358311976,0.999996926344935,"ENSG00000165475.13",13,"ENSG00000165475"
-0.000542509759297806,0.797846005266016,-0.000335827184376985,0.44166341021142,0.0437665122596264,0.513762996379077,0.999996761722826,"ENSG00000125245.12",13,"ENSG00000125245"
-0.000509708104560659,0.707343459984263,-0.000295891180332994,0.281331799657927,0.0415777011171439,0.184720457369296,0.999997023350668,"ENSG00000151287.16",13,"ENSG00000151287"
0.00166492231990997,0.199020096538078,-7.66468362768643e-05,0.723175453917159,0.0290695744762198,0.164172634956544,0.999995854452823,"ENSG00000133104.12",13,"ENSG00000133104"
-0.000923914855290982,0.569551156451768,-0.000200449410484513,0.527169297577587,0.0410788038423975,0.419862554620338,0.99999742816803,"ENSG00000188811.13",13,"ENSG00000188811"
-0.000318296276976248,0.79582231053616,-0.000364045851019271,0.115961233351836,0.0366937159858035,0.18184827615227,0.999995208564914,"ENSG00000136100.12",13,"ENSG00000136100"
0.00121830475346983,0.324446752995303,-0.000411372518941618,0.114200951696092,0.04555118864733,0.221312974302131,0.99999286206337,"ENSG00000272695.1",13,"ENSG00000272695"
-0.000853115422865695,0.486215929265051,0.000719549479939187,0.0101730911975346,0.0528873806400114,0.176789741328135,0.999989409371011,"ENSG00000150401.14",13,"ENSG00000150401"
0.00279526393317528,0.0264668438560989,0.00015132557130104,0.539865499466936,0.0400876967782841,0.203826494277246,0.999990486432802,"ENSG00000231607.10",13,"ENSG00000231607"
-2.48221698031747e-05,0.990998132762153,-0.000445381509852329,0.341121959482088,0.0462534587209676,0.594769651860597,0.999996860796557,"ENSG00000150459.12",13,"ENSG00000150459"
0.00197847976925467,0.114362452591554,-0.000143471571658099,0.576972520702216,0.0424587364428759,0.149208567404399,0.999994911418207,"ENSG00000198542.13",13,"ENSG00000198542"
-3.01712976215143e-05,0.986268480264969,0.000434276971152042,0.161359213646864,0.0335961391614597,0.484032970187622,0.999995629734845,"ENSG00000227879.2",13,"ENSG00000227879"
-0.00136848552300705,0.336362686108462,0.000107025900033808,0.62496525931423,0.0251505319799658,0.222012118090248,0.999997047489988,"ENSG00000120696.8",13,"ENSG00000120696"
-0.00201536600044628,0.291360043370402,-0.000525094362199931,0.0870261445659169,0.028646216032943,0.54098032894709,0.999993476607493,"ENSG00000136152.14",13,"ENSG00000136152"
-0.00404370897036159,0.0134761316096795,-0.000140313656356072,0.627894595357803,0.0328849780789332,0.407113409508504,0.999989437409615,"ENSG00000120693.13",13,"ENSG00000120693"
0.00229009444227874,0.111625982461327,0.000100596879093937,0.727783843646761,0.0411217633312459,0.176207603001659,0.999994779428015,"ENSG00000277794.1",13,"ENSG00000277794"
-0.00197037396592715,0.0796196921713018,8.1821965973127e-05,0.72974829513652,0.0447855961635585,0.0900055087930426,0.999994334743348,"ENSG00000136110.12",13,"ENSG00000136110"
-0.00184857443331094,0.15459248457589,-0.000205705110492716,0.402264527555068,0.0361626681953399,0.170487080085124,0.99999539631884,"ENSG00000075673.11",13,"ENSG00000075673"
-0.00309254480997987,0.123139754074913,-0.000408253998711063,0.283265248474266,0.037736508059906,0.574420886476597,0.9999946695817,"ENSG00000182957.15",13,"ENSG00000182957"
-0.00181807585729924,0.297927800618446,-9.61280318409955e-05,0.789967299220152,0.0440457321591869,0.341705014610699,0.99999548284141,"ENSG00000152484.13",13,"ENSG00000152484"
0.00119098583482349,0.392862316023708,-6.22064923515491e-05,0.784161505705008,0.027680065000697,0.2301695328005,0.999997392885384,"ENSG00000279770.1",13,"ENSG00000279770"
-0.00231148694217114,0.118113099805454,0.000245796759047914,0.620625191243993,0.112587513889582,0.323698853391163,0.999994083777415,"ENSG00000126231.13",13,"ENSG00000126231"
0.00364800364753133,0.00669715308289894,0.000308734929464184,0.264494649184383,0.042732959606592,0.19274179982909,0.999988166536017,"ENSG00000134899.18",13,"ENSG00000134899"
-0.00198469452679129,0.237497670355148,0.000100888299349335,0.717148867869433,0.0294429018245923,0.443857862889319,0.999996252445586,"ENSG00000272143.1",13,"ENSG00000272143"
-0.000586154017130799,0.651706203126485,5.07245265816153e-05,0.849490927334096,0.043269724207291,0.213636291507296,0.99999832242319,"ENSG00000134901.12",13,"ENSG00000134901"
-0.00097869819058184,0.395744463608031,0.000267786777436079,0.320492611074581,0.0550436565591484,0.0735291810042345,0.999996391571152,"ENSG00000139505.11",13,"ENSG00000139505"
0.000685818646861051,0.48466482061082,-6.91478463543843e-05,0.763823618858005,0.0550395873064624,0.00349346998853242,0.999997808734607,"ENSG00000102786.14",13,"ENSG00000102786"
-0.00100408031637889,0.385395206736209,0.000302084016917622,0.193184724568912,0.0407935927202256,0.0779755824882417,0.999994759938593,"ENSG00000133106.14",13,"ENSG00000133106"
-0.00164051399082893,0.147934919323825,-0.000288449648748302,0.159994480857339,0.033016206551928,0.0489809208509319,0.9999923819509,"ENSG00000251015.1",13,"ENSG00000251015"
-0.000352390168104527,0.784130327423153,7.66903497365373e-05,0.714267427376515,0.0279032290986114,0.185867927859463,0.999998250969558,"ENSG00000273149.1",13,"ENSG00000273149"
-0.00258858208684792,0.199671348511657,0.000108603770019389,0.799270111191044,0.0497389586576333,0.510354660035139,0.999994604123879,"ENSG00000134871.17",13,"ENSG00000134871"
-0.00100250039620998,0.354633998559772,-0.000224353678915383,0.301337356141002,0.0403753115354879,0.0239958135050888,0.999995455282089,"ENSG00000207051.1",13,"ENSG00000207051"
-3.16158007375353e-06,0.997778669365929,-0.000376203119870564,0.130343210042277,0.0560690530829433,0.0167175905724776,0.999994525738924,"ENSG00000198553.8",13,"ENSG00000198553"
0.00131650340285145,0.290145694088851,0.000228741141163559,0.270600462439162,0.0294053932667416,0.0593104505556979,0.99999547353345,"ENSG00000083535.15",13,"ENSG00000083535"
-0.0012304647705715,0.463130881205098,-0.000112475702700777,0.679347375347423,0.028472601548509,0.433603728362705,0.999997684611769,"ENSG00000139797.7",13,"ENSG00000139797"
0.00239853330379266,0.0535051986779481,0.000132929604069925,0.522301520285972,0.0284728603995868,0.110223538400088,0.999992943655763,"ENSG00000278177.1",13,"ENSG00000278177"
-0.00016788692113006,0.894195450321048,-5.17475924224283e-05,0.842187682644914,0.0432256561212211,0.151676279392658,0.999998529269899,"ENSG00000125257.13",13,"ENSG00000125257"
0.000273265690699559,0.823579138383126,0.000411417364117506,0.0665177936472873,0.0350481990031898,0.184788447372367,0.999993638504737,"ENSG00000183098.10",13,"ENSG00000183098"
0.00275851524299841,0.0621334219275124,-0.000454405960000077,0.110277270509951,0.0395763981123371,0.308856291515137,0.999991899816771,"ENSG00000120658.13",13,"ENSG00000120658"
0.00187561093851181,0.222531689242986,0.000124292500985582,0.677881093071883,0.0393616459662303,0.382104795981738,0.999996476631502,"ENSG00000139793.18",13,"ENSG00000139793"
-0.000882173799489009,0.455545444434957,-0.000138281793874526,0.554036421636211,0.0393556393441032,0.0511168491790905,0.999997110244066,"ENSG00000278390.4",13,"ENSG00000278390"
-0.0013418400750033,0.349006073704792,-0.000181188177380062,0.484254324159276,0.0348986079470705,0.297412473348681,0.999996889690469,"ENSG00000214455.4",13,"ENSG00000214455"
-0.00113266169344163,0.419000470005482,0.000453830776045868,0.123727973923479,0.0458897786515403,0.339396844773636,0.999994726714741,"ENSG00000279393.1",13,"ENSG00000279393"
0.00255946168180923,0.0432132623499638,0.000440436531982698,0.0626898628133708,0.0355061933829322,0.0877241360906156,0.999989242449204,"ENSG00000172915.18",13,"ENSG00000172915"
0.000207101709164192,0.856204272733203,-9.08404392126732e-05,0.687398293124655,0.0393348755404076,0.0582410109393373,0.99999835884528,"ENSG00000133111.3",13,"ENSG00000133111"
0.000232097624230144,0.831035183595246,-0.000685569754335022,0.000405729762664103,0.0326823462760595,0.113074936772888,0.999980283101345,"ENSG00000180440.3",13,"ENSG00000180440"
0.00137212491643252,0.357442056631184,0.000356572088903618,0.214067042634419,0.0390258381089655,0.324010150049643,0.999995611318963,"ENSG00000133110.14",13,"ENSG00000133110"
0.00408928606496743,0.0013057707902808,0.000340684291164405,0.186837669474441,0.0430179881717349,0.21738358342945,0.999983041757629,"ENSG00000120686.11",13,"ENSG00000120686"
-0.00168751427388005,0.214567630743145,-0.000181636936488815,0.556362968933936,0.0519572871217913,0.181469578269842,0.999996420429097,"ENSG00000239827.8",13,"ENSG00000239827"
-0.00172665722802372,0.134024238678835,-0.000253602354233196,0.23857880228054,0.0354033608983951,0.0697279921487999,0.999993081976846,"ENSG00000237263.1",13,"ENSG00000237263"
-0.00138500638569076,0.248478574142088,-7.27112260216345e-05,0.764893039699212,0.0421366667732581,0.104079639794257,0.999996389630946,"ENSG00000274001.1",13,"ENSG00000274001"
0.00133478659807356,0.228257913510515,-0.000119439560889084,0.62044761498023,0.0478009881551451,0.0601239641168844,0.999996040137315,"ENSG00000277831.1",13,"ENSG00000277831"
-0.000464096347216174,0.747521803966871,-0.000120251430017804,0.672705678048533,0.0400241299303103,0.372582316977655,0.99999824361406,"ENSG00000179611.3",13,"ENSG00000179611"
-0.000444215858616574,0.750121317154516,-0.000210151159756338,0.423213456084235,0.0368757660921356,0.266817461175627,0.999997575606071,"ENSG00000170919.15",13,"ENSG00000170919"
-0.00110451591738102,0.501349651911225,-6.188198707527e-05,0.841442268915713,0.0371578583804308,0.418357415261141,0.999997810669478,"ENSG00000180332.6",13,"ENSG00000180332"
-0.000413970877948711,0.798960383365498,-0.000522882810936764,0.0843020637276594,0.0401858503031852,0.426188406229788,0.999994410758218,"ENSG00000253309.6",13,"ENSG00000253309"
0.00133049778343288,0.271494405728725,0.000383038663325297,0.0748267184221359,0.0328984259182773,0.19365159834219,0.99999293097723,"ENSG00000214269.3",13,"ENSG00000214269"
0.000451448360409699,0.713350588263499,6.34106525960161e-05,0.7703437216103,0.0323295972052651,0.130789344323262,0.999998356758212,"ENSG00000118939.17",13,"ENSG00000118939"
-0.00246820126047828,0.0476057530489387,5.23275715670928e-05,0.818190916773846,0.0342576090715742,0.131045693498258,0.99999306218335,"ENSG00000136160.14",13,"ENSG00000136160"
0.000389739967564817,0.729541221756125,-0.000167940562171133,0.456932240216055,0.0404748587505704,0.0498373955515003,0.999997686078072,"ENSG00000136155.16",13,"ENSG00000136155"
0.000166329316089738,0.912867864037075,-8.42192049664963e-05,0.760682836623662,0.0375197633031906,0.3480846790332,0.9999984762185,"ENSG00000088451.10",13,"ENSG00000088451"
-0.000951685205576468,0.464741415974183,7.2069664369576e-05,0.759721139086771,0.0332577953801088,0.11962725928561,0.999997798279175,"ENSG00000224356.5",13,"ENSG00000224356"
0.00193642437138872,0.184955661269802,4.22344025250891e-05,0.894267171370603,0.0485246922584569,0.2369178387608,0.99999523438053,"ENSG00000237082.1",13,"ENSG00000237082"
0.00130740545048405,0.325607109131612,0.000235223806664018,0.472686909639833,0.0607031272702164,0.0442079469025212,0.999995373571219,"ENSG00000134864.10",13,"ENSG00000134864"
0.00118429585066383,0.328962924257991,0.000268892011242254,0.274544690562275,0.0415599031502187,0.0869174790100743,0.999995299868979,"ENSG00000102452.15",13,"ENSG00000102452"
-0.000844913104402,0.627930312359138,5.88786925337317e-05,0.829759564040885,0.0271667338174438,0.466654522983248,0.999998243999166,"ENSG00000120685.19",13,"ENSG00000120685"
-0.00184151869711668,0.177909736566396,-0.000358560505295118,0.229870804023168,0.0484291178500095,0.28550991232416,0.999994774300811,"ENSG00000277662.1",13,"ENSG00000277662"
0.00346704150210643,0.0277614602374048,-1.20944412164611e-05,0.960709692319823,0.0280049911122523,0.298707063968911,0.999990599625048,"ENSG00000227640.2",13,"ENSG00000227640"
0.00218049898499585,0.128082418093146,-0.000110919746188045,0.636388153589348,0.028356001085071,0.233092723786272,0.99999409030582,"ENSG00000265802.2",13,"ENSG00000265802"
0.001906458651923,0.0937178965234396,6.64197255870715e-07,0.997338797923929,0.0311433296386967,0.0774103321121594,0.999994660819309,"ENSG00000102760.12",13,"ENSG00000102760"
0.00110168035553966,0.403860129477733,0.000164890373499607,0.459949085138865,0.0293000589972106,0.186213771392329,0.999996676212908,"ENSG00000228501.2",13,"ENSG00000228501"
0.00217429163331286,0.0936082321494289,-0.000192299031536127,0.44658418001542,0.0387967396059885,0.135989380165089,0.999994478243628,"ENSG00000153495.10",13,"ENSG00000153495"
0.000694779910369433,0.625007253391493,0.000219858562097271,0.370218665201988,0.0317109002738145,0.248001819315868,0.999997419361993,"ENSG00000236778.7",13,"ENSG00000236778"
-0.000750098626842938,0.583095289057263,-0.000373970024977863,0.0939916405901127,0.0277803409625915,0.148999302585846,0.999994738905935,"ENSG00000120664.10",13,"ENSG00000120664"
0.00216196826145851,0.0986653914774292,2.0723100964871e-05,0.937701617501619,0.0419859897744017,0.168388779969055,0.999994396382385,"ENSG00000185989.10",13,"ENSG00000185989"
-0.000676424414144763,0.624784010697864,-0.000207225470023107,0.459287945618781,0.0420485283586377,0.273597869618728,0.999997666383304,"ENSG00000260910.1",13,"ENSG00000260910"
-0.000954839419406605,0.411780425434657,-0.000137598070161107,0.495507568622276,0.0310334561013034,0.232202083427296,0.999997143991525,"ENSG00000283199.1",13,"ENSG00000283199"
0.00138478436761367,0.342775863161876,-0.000348529402376978,0.216298032784926,0.0392241245724253,0.25990125106071,0.999996052575952,"ENSG00000283828.1",13,"ENSG00000283828"
-0.000709474308571047,0.58594669444204,-0.000430848076308566,0.0569115139587254,0.0313944590268152,0.165182410387922,0.999993381703933,"ENSG00000223298.1",13,"ENSG00000223298"
0.00024026480343431,0.862433490600118,-0.000231737489599648,0.421217713792181,0.0444221145377888,0.25462024403801,0.99999772858023,"ENSG00000139842.14",13,"ENSG00000139842"
0.00130812527653134,0.494932541984116,-0.000145755335209123,0.698037092424173,0.0421463896178428,0.580821598982127,0.999997583495757,"ENSG00000279965.1",13,"ENSG00000279965"
0.00104347018715596,0.448123904048438,-5.35898166940587e-05,0.823061756627818,0.0312490172307872,0.131024550498226,0.9999977983613,"ENSG00000230371.1",13,"ENSG00000230371"
0.00390978301506001,0.000733593014208884,-7.89968510395369e-05,0.723024382252479,0.0371162216086016,0.0340798327638532,0.999982255820597,"ENSG00000150403.17",13,"ENSG00000150403"
-0.00123003219474854,0.260616027809745,-0.000206513729350245,0.274616346193543,0.0302870744211125,0.0558049610434755,0.999995555999844,"ENSG00000236711.2",13,"ENSG00000236711"
0.00085661983049717,0.465488869481206,-0.000320410161280423,0.172165106232,0.0403343155333588,0.0615533250944626,0.999995245144909,"ENSG00000269356.1",13,"ENSG00000269356"
0.00170246931335048,0.153612720502187,3.09246069556789e-05,0.889245680911026,0.0350601938855768,0.0935015662675659,0.999995779052157,"ENSG00000229373.8",13,"ENSG00000229373"
-0.000938481306127601,0.493097043282194,-2.10011771820226e-06,0.993794264017037,0.0406109842008254,0.304090779549959,0.999997943469042,"ENSG00000260704.1",13,"ENSG00000260704"
-0.00114039498294917,0.340914632068758,-0.000185602415386838,0.363847765417277,0.0294388377262335,0.0411942850424073,0.999996328170504,"ENSG00000083635.7",13,"ENSG00000083635"
0.00158956777029096,0.187899530809456,-0.000439083382087821,0.0521068225818487,0.0365417322287876,0.222938693282919,0.999991169745043,"ENSG00000139597.17",13,"ENSG00000139597"
0.00210155278181703,0.108700570824102,0.000163208312185356,0.515401728638135,0.0376067768389958,0.147444899096635,0.999994202899475,"ENSG00000139517.7",13,"ENSG00000139517"
0.000447481574463208,0.725668508411669,0.00046589160327587,0.061940835157036,0.0389283279781955,0.133458277865286,0.999993826316765,"ENSG00000189403.14",13,"ENSG00000189403"
0.000355640931689337,0.797888720910659,8.10099780436172e-05,0.750401313207825,0.0344103357587431,0.166646190366633,0.999998248732488,"ENSG00000152767.16",13,"ENSG00000152767"
0.00124576831923182,0.300954060523479,5.59438082293387e-05,0.772234282991418,0.02582840547438,0.0102610362940025,0.999996832771486,"ENSG00000275964.1",13,"ENSG00000275964"
-0.000219191250881356,0.891956805089871,0.000286262863761119,0.283068782577117,0.0306860578830982,0.38051286813734,0.999996881342561,"ENSG00000233610.1",13,"ENSG00000233610"
-0.00153808541583856,0.23982386596006,0.000296949368255297,0.23373280808059,0.0369182814298254,0.141591959141104,0.999993263618546,"ENSG00000233588.1",13,"ENSG00000233588"
0.00343793016794465,0.0254822917799092,0.000220669721051678,0.41972159337641,0.0325367791648577,0.397543717731197,0.999991021707033,"ENSG00000102755.11",13,"ENSG00000102755"
0.000818025818602099,0.568870829384363,0.000247601329046912,0.345344958776576,0.0359839289377004,0.267321108919974,0.999996903780972,"ENSG00000278291.1",13,"ENSG00000278291"
0.00206628289348492,0.163771202261836,6.37211961169404e-05,0.813769634946659,0.0346436476683572,0.332601755258407,0.9999953631775,"ENSG00000185896.10",13,"ENSG00000185896"
-0.00119962530778456,0.364736835560723,0.000405889717880414,0.094506065319129,0.0351930350059659,0.175671603947306,0.999994154933308,"ENSG00000153531.13",13,"ENSG00000153531"
0.000205515840267785,0.867460430523043,0.000288904616131352,0.262214244929491,0.0441279273772357,0.125138162429341,0.999996878636801,"ENSG00000132952.11",13,"ENSG00000132952"
-0.00102046698271748,0.40512011012607,0.000310874145221366,0.172642399656333,0.0353203504437195,0.124906126182755,0.999995461571311,"ENSG00000102580.14",13,"ENSG00000102580"
0.000754832876154451,0.547577780795358,-1.23104726092864e-05,0.958235021864461,0.0358089865742664,0.132776449401831,0.999998104890033,"ENSG00000272274.1",13,"ENSG00000272274"
0.000553902849161318,0.692611416839541,0.000210263893065588,0.411634910216508,0.0355100649754101,0.317435488416167,0.99999744304082,"ENSG00000225760.2",13,"ENSG00000225760"
0.00130297438632752,0.324050396811846,0.000283639826534765,0.209272000457863,0.0301583186768442,0.216961386430506,0.999995086252345,"ENSG00000273507.4",13,"ENSG00000273507"
0.000625873212234784,0.597465258856367,7.97130473870384e-05,0.688308374328646,0.0282429051069141,0.0201446620447739,0.999998053891273,"ENSG00000134882.15",13,"ENSG00000134882"
-0.000533437189610055,0.646011997595376,-3.917161727211e-05,0.859770120042468,0.0371326510477909,0.0880896040522352,0.999998280355024,"ENSG00000165572.7",13,"ENSG00000165572"
0.00147557787141868,0.0624565179186223,0.000629930345601554,0.0037809235351332,0.0759855916764858,0.0931220005288152,0.999984426426698,"ENSG00000236565.3",13,"ENSG00000236565"
-0.000522799818070084,0.680056929073784,-0.00037593663320308,0.133546158080013,0.0400665114619656,0.153902752852097,0.999995167928566,"ENSG00000151778.10",13,"ENSG00000151778"
0.000247674890428237,0.836540687788043,3.21301649073894e-05,0.884188349323707,0.0339008272494985,0.0157333763256413,0.999998547323093,"ENSG00000173141.4",13,"ENSG00000173141"
0.000841803340462866,0.479422186402708,0.000357303344919588,0.165369185106609,0.0483844851554294,0.212375110898143,0.999995523724003,"ENSG00000224892.6",13,"ENSG00000224892"
0.000215943502710226,0.878150137783902,0.000173974848660355,0.521763367781766,0.0387625248691732,0.288372089130663,0.999998052197642,"ENSG00000277159.1",13,"ENSG00000277159"
0.00311693199758183,0.00849436116611347,-0.000507386449681508,0.035396273184703,0.0416243181172844,0.0197755151278347,0.999987191000879,"ENSG00000233469.1",13,"ENSG00000233469"
-0.000701800934811918,0.743622276308309,0.000184288482705665,0.593496254374466,0.0293619575448151,0.613308443146547,0.99999781539057,"ENSG00000136167.13",13,"ENSG00000136167"
6.13045973252671e-06,0.996090962624755,1.57688276309524e-05,0.951434399167755,0.0437892807099789,0.240829437691396,0.999998619028337,"ENSG00000277020.4",13,"ENSG00000277020"
0.000415821046966279,0.696381027497112,0.000297399515616229,0.23577556742468,0.0556260131508568,0.0318643151192069,0.999996661765302,"ENSG00000102763.17",13,"ENSG00000102763"
-0.00723031512269711,2.2655446236292e-11,-0.000599693976330004,0.00733336989214829,0.0430291699809167,0.0147672882202014,0.999883519990489,"ENSG00000123178.14",13,"ENSG00000123178"
-0.000227671984311695,0.764102122419743,-3.70470345008266e-05,0.838307055445367,0.0573597545105325,0.0137018195168264,0.999998407545093,"ENSG00000139679.15",13,"ENSG00000139679"
0.00180152626692269,0.144947877982696,9.19001993006314e-05,0.684757098839851,0.0340444413648216,0.138609848456092,0.999995315956965,"ENSG00000102804.14",13,"ENSG00000102804"
-0.0012320591500933,0.258708139465433,0.000247461334649656,0.362099280501636,0.0627959852757556,0.156563655885708,0.999995276935791,"ENSG00000244155.1",13,"ENSG00000244155"
-0.00294300490870286,0.0437717536286553,0.00037685121945258,0.111849157425373,0.0295297370411236,0.28568111027618,0.999989654024342,"ENSG00000152213.3",13,"ENSG00000152213"
0.0015111623655703,0.350294057637174,0.000554941681269244,0.0619906831500861,0.0355056475677418,0.427182179969635,0.999993529082067,"ENSG00000232587.1",13,"ENSG00000232587"
0.00155777440728859,0.217256708801105,0.000364705524608527,0.162484063314559,0.0436635832241815,0.124401477985892,0.999994570003538,"ENSG00000126226.21",13,"ENSG00000126226"
-0.00127415220063163,0.348151335278238,-1.29532419992577e-05,0.950766124512536,0.0251843152042357,0.320996326667098,0.999997286859453,"ENSG00000198033.11",13,"ENSG00000198033"
-0.000514667336482356,0.662312738414772,-4.3930829424561e-05,0.837505690011032,0.0334257556917309,0.0513607815863749,0.999998306459787,"ENSG00000215483.9",13,"ENSG00000215483"
-0.000987321284815557,0.482747147493333,0.000237688725290812,0.258924934545847,0.0235766151694343,0.197859358296774,0.999995700628561,"ENSG00000227019.2",13,"ENSG00000227019"
-0.0024190258563961,0.0592696073759392,-7.57078830245859e-05,0.742765755822133,0.0351003864487996,0.231814337913973,0.999993169231276,"ENSG00000102753.9",13,"ENSG00000102753"
0.0017289982374201,0.18334416023757,-0.000310341864012191,0.215966739750808,0.0384238221017347,0.218090395265447,0.999994234662281,"ENSG00000080618.13",13,"ENSG00000080618"
0.00145652094846098,0.245670470158477,0.000453990238172682,0.0371661080623177,0.0309040144804651,0.100683760462205,0.999991729136657,"ENSG00000139734.17",13,"ENSG00000139734"
-0.000344511276358385,0.770880278857791,-0.000144383992205596,0.578153468332174,0.0488325818458351,0.104629364713954,0.999997724207395,"ENSG00000234835.1",13,"ENSG00000234835"
-0.0034931165043114,0.0340511278912207,1.41151286735165e-05,0.958945420789196,0.0295626752925296,0.384943219573043,0.999991487362174,"ENSG00000276672.1",13,"ENSG00000276672"
-2.18052607646751e-05,0.984873598993805,-0.000231466458272695,0.236743009168156,0.0303512265759619,0.203667559500957,0.999996692288606,"ENSG00000102805.14",13,"ENSG00000102805"
0.0064277509492415,9.23801568375843e-05,9.06342079840433e-05,0.749417486917332,0.0298631367237189,0.401236078883489,0.999974301669239,"ENSG00000278937.1",13,"ENSG00000278937"
0.000156925126003843,0.916641644589186,-0.00038216531551302,0.115969637254769,0.0285549039992378,0.315433587471915,0.999995182746831,"ENSG00000213621.3",13,"ENSG00000213621"
-0.00078669376306282,0.569782595753227,-0.000144218380288974,0.534568178878371,0.0302576232452032,0.246978495227893,0.999997463986405,"ENSG00000233613.5",13,"ENSG00000233613"
0.0047414067912207,0.056557617710034,0.000526090587866817,0.0723030704842485,0.0157990376088535,0.709922042652804,0.999989530617718,"ENSG00000273523.1",13,"ENSG00000273523"
-0.000915581728673107,0.418809890798876,2.05039940274506e-05,0.922859447185801,0.0354071023268131,0.1587929309903,0.999997712417402,"ENSG00000139496.15",13,"ENSG00000139496"
0.0031574722867929,0.000130744633338778,0.000987886342164227,3.81154562383833e-05,0.0853666905078767,0.133642760211036,0.999955121185724,"ENSG00000177197.7",13,"ENSG00000177197"
-0.000597048532438281,0.616135177368693,0.00040072466416387,0.167076638446442,0.0606212046220117,0.39238699414059,0.999995912066226,"ENSG00000118946.11",13,"ENSG00000118946"
0.00106882913660172,0.40427964056132,0.000434994325830104,0.063835198628126,0.035059600292694,0.166288884309909,0.999992958676875,"ENSG00000180660.7",13,"ENSG00000180660"
0.00137075245600734,0.196595070943371,-0.000142987295755539,0.504706310079986,0.0413193948455188,0.0365106848046953,0.999996125817049,"ENSG00000179399.14",13,"ENSG00000179399"
-0.00151066748358982,0.327621666901259,0.000328567708007391,0.263441783411434,0.0377595776011558,0.380459375969394,0.99999455884411,"ENSG00000276809.1",13,"ENSG00000276809"
-2.79140152448996e-05,0.97818749638561,-0.000100685413990289,0.737072659098441,0.0878851850370277,0.23879200278865,0.999998455307701,"ENSG00000250299.5",13,"ENSG00000250299"
-0.000529805349432907,0.63564939374126,0.000268004788233869,0.211032478084651,0.0372338966312971,0.0742237426625719,0.999995765822891,"ENSG00000165300.7",13,"ENSG00000165300"
